name,category,medium,description,protocols,latency,bandwidth,range,reliability,security,complexity,cost,cost_model,recommended_devices,industry_fit,use_case,pros,cons,standards,resource_url
SIP INFO / REFER,web,ethernet_ip,"Send commands to edge devices via SIP signaling messages (INFO, REFER, NOTIFY) over an IP network using existing SIP infrastructure.",SIP; SDP; RTP,<100ms,<1 Kbps per message,N/A (IP-routed),High on QoS-managed networks,"TLS 1.2/1.3, SRTP, mutual authentication",Medium,Low (uses existing SIP trunk),Low (uses existing SIP trunk),"5-5,000 devices",Smart building; Facilities; Hospitality; Retail; SaaS; Contact center; Professional services; Systems integration,"Trigger paging, door open, alarm via PBX extension dialing","Leverages existing VoIP/PBX infrastructure already deployed; Standards-based (RFC 3261, RFC 2976); Low latency on managed networks; Works through SBCs and firewalls with proper SIP ALG",Requires SIP stack on edge device; Network QoS essential for reliability; SIP ALG/firewall traversal can be brittle; Limited data payload per message,RFC 3261; RFC 2976; RFC 3515,https://www.rfc-editor.org/rfc/rfc2976
REST API (HTTP/HTTPS),web,ethernet_ip,Edge device exposes HTTP endpoint; PBX/controller sends POST/GET requests to trigger actions or retrieve status.,HTTP/1.1; HTTP/2; HTTPS; JSON; XML,"<50ms on LAN, 50-200ms on WAN",<0.5 KB per request,N/A (IP-routed),Very High,"TLS 1.3, API keys, OAuth 2.0, mTLS, IP allowlisting",Low,Very Low (standard TCP/IP networking),Very Low (standard TCP/IP networking); platform/broker plus usage,1-256 local I/O points,Smart building; Facilities; Hospitality; Retail; Security; Manufacturing; Maintenance; SaaS; Contact center; Professional services; Systems integration,"Trigger relay, GPIO, read sensor, set parameter on edge device from any HTTP-capable system","Ubiquitous protocol, any modern device supports HTTP; Simple to implement and debug (curl, Postman); Secure with HTTPS + API keys; Language-agnostic: any PBX or automation platform can call REST endpoints",Edge device must be IP-reachable; HTTP overhead for very constrained devices; Stateless; requires polling or webhook pattern for events; Not real-time for <10ms requirements,RFC 7230; RFC 8446,https://developer.mozilla.org/en-US/docs/Web/HTTP
WebSocket (wss://),web,ethernet_ip,"Persistent bidirectional channel between PBX/controller and edge device over WebSocket protocol, enabling real-time command push.",WebSocket; WSS; JSON,<10ms on LAN,~100 bytes per message,N/A (IP-routed),High (persistent connection with auto-reconnect),"WSS (TLS 1.3), origin validation, token auth",Medium,Low,Low,"5-5,000 devices",SMB; Enterprise; IoT,"Real-time push of commands to edge devices, live status monitoring, streaming telemetry","Full-duplex persistent connection; Low latency, suitable for real-time control; Supports binary and text payloads; Widely supported in modern edge computing platforms",Requires persistent TCP connection; Edge device must support WebSocket stack; Proxy/firewall may block WebSocket upgrade; Connection state management complexity at scale,RFC 6455; RFC 7692,https://www.rfc-editor.org/rfc/rfc6455
MQTT (MQTT-SN),web,ethernet_ip,Lightweight publish/subscribe messaging protocol designed for constrained devices and low-bandwidth networks. MQTT-SN extends to non-TCP networks.,MQTT 3.1.1; MQTT 5.0; MQTT-SN,"<50ms on LAN, 100-500ms on WAN",Minimal (2-byte header minimum),N/A (IP-routed),"High (3 QoS levels, persistent session, last will)","TLS 1.2/1.3, username/password, X.509 certs, OAuth",Low,Very Low,Very Low; platform/broker plus usage,1-256 local I/O points,Smart building; Facilities; Hospitality; Retail; Security; Manufacturing; Maintenance,"IoT edge device command/control, sensor telemetry, distributed relay triggering across many devices","Extremely lightweight; designed for IoT/edge; Pub/sub decouples sender and receiver; Three QoS levels (at most once, at least once, exactly once); Last Will & Testament for device failure detection; Very mature ecosystem (AWS IoT, Azure IoT Hub, EMQX, Mosquitto)",Requires MQTT broker (single point of failure without clustering); Not real-time enough for sub-10ms control loops; TCP-based; MQTT-SN adds non-IP support but less mature; Broker discovery and topic governance needed at scale,OASIS MQTT 3.1.1; OASIS MQTT 5.0; ISO/IEC 20922,https://mqtt.org/
WebRTC Data Channel,web,ethernet_ip,"Peer-to-peer data channel between browser/app and edge device, using SCTP over DTLS. Enables low-latency command and control with NAT traversal built-in.",SCTP; DTLS; ICE; STUN; TURN,"<10ms on LAN, 20-100ms on WAN",~1-10 Kbps per channel,N/A (IP-routed),High (configurable: reliable vs unreliable mode),"DTLS 1.3, mandatory encryption, ICE consent freshness",High,Low (no infrastructure needed for P2P),Low (no infrastructure needed for P2P),1-256 local I/O points,Smart building; Facilities; Hospitality; Retail; Venues; Broadcast; Digital signage; SaaS; Contact center; Professional services; Systems integration,"Browser-based control panels for edge devices, peer-to-peer device management without cloud relay","Mandatory encryption (no option for plaintext); Built-in NAT traversal via ICE/STUN/TURN; Low latency, suitable for real-time control; Can operate peer-to-peer without intermediate server",High complexity to implement; TURN server needed for symmetric NAT scenarios; Not all embedded platforms have WebRTC stack; Overkill for simple trigger/command use cases,W3C WebRTC; RFC 8831; RFC 8832,https://www.w3.org/TR/webrtc/
gRPC (HTTP/2),web,ethernet_ip,"High-performance RPC framework using Protocol Buffers over HTTP/2. Supports bidirectional streaming, ideal for structured command/control.",HTTP/2; Protocol Buffers; gRPC; gRPC-Web,<5ms on LAN,~100 bytes per message (binary encoding),N/A (IP-routed),Very High,"TLS 1.3, mTLS, OAuth, JWT",Medium-High,Low,Low; platform/broker plus usage,"100-1,000,000 endpoints/events",SaaS; Contact center; Professional services; Systems integration,"Structured command/control between microservices and edge devices, streaming telemetry, bidirectional RPC","Binary encoding (Protocol Buffers) is efficient; Strong typing with .proto schema; Bidirectional streaming built-in; Excellent performance and tooling (protoc, code generation)",HTTP/2 requirement may not suit very constrained MCUs; gRPC-Web has limitations vs native gRPC; Protocol Buffers schema management overhead; Steeper learning curve than REST,gRPC 1.x; HTTP/2 (RFC 7540); Protocol Buffers,https://grpc.io/docs/
CoAP (Constrained Application Protocol),web,ethernet_ip,"UDP-based REST-like protocol designed for IoT/constrained devices. Supports multicast, discovery, and asynchronous subscriptions.",CoAP; DTLS; UDP,<10ms on LAN,Minimal (4-byte header),N/A (IP-routed),"Medium (CON/NON messages, retransmission)","DTLS 1.2/1.3, OSCORE, RawPublicKey",Low-Medium,Very Low,Very Low,"5-5,000 devices",SMB; Enterprise; IoT,"Constrained edge devices (MCU, 8-bit) that need simple REST-like command/control over UDP","UDP-based, no TCP overhead; Very small header (4 bytes); Built-in resource discovery; Observations (pub/sub over UDP)",UDP may be blocked in some networks; Less mature ecosystem than MQTT; Reliability is best-effort without CON mode; Not suitable for large payloads,RFC 7252; RFC 7641; RFC 8613,https://www.rfc-editor.org/rfc/rfc7252
GraphQL API / Subscriptions,web,ethernet_ip,"Expose device command and state as a typed GraphQL schema, with subscriptions for event streams.",GraphQL; HTTP/2; WebSocket; JSON,<50ms on LAN,Request dependent,N/A (IP-routed),High,"TLS 1.3, OAuth 2.0, mTLS, field-level authorization",Medium-High,Low-Medium,Low-Medium; platform/broker plus usage,"100-1,000,000 endpoints/events",SaaS; Contact center; Professional services; Systems integration,"Unified API facade for mixed PBX, CRM, alarm, and edge-device control surfaces",Strong schema contracts for frontend and backend teams; Subscriptions support live state updates; Good aggregation layer when multiple device APIs differ,Adds an API gateway layer; Resolver authorization must be designed carefully; Less suitable for tiny microcontrollers than REST or CoAP,GraphQL Specification; RFC 8446,https://graphql.org/
Webhook Callback,web,ethernet_ip,"PBX, UCaaS, or monitoring system posts signed event callbacks to an integration service that commands edge devices.",HTTPS; JSON; HMAC; JWT,50-500ms typical,<2 KB per event,N/A (IP-routed),High with retry queues,"TLS 1.3, HMAC signatures, replay protection, IP allowlisting",Low-Medium,Very Low,Very Low; platform/broker plus usage,"100-1,000,000 endpoints/events",SaaS; Contact center; Professional services; Systems integration,"Cloud PBX call event triggers, alarm notification fanout, CRM-to-device workflows",Simple cloud integration pattern; No polling when source system supports events; Works well with serverless queues and audit logs,Receiver must be internet reachable; Retries can duplicate actions unless idempotency is implemented; Vendor webhook schemas vary,HTTP; JSON Web Signature patterns; RFC 8446,https://github.com/standard-webhooks/standard-webhooks
AMQP / RabbitMQ,web,ethernet_ip,"Use a durable message broker for queued commands, acknowledgements, and dead-letter handling.",AMQP 0-9-1; AMQP 1.0; TLS,<10ms on LAN,Small binary or JSON messages,N/A (IP-routed),Very High with durable queues,"TLS, SASL, vhost permissions, mTLS",Medium,Low-Medium,Low-Medium; platform/broker plus usage,"10-1,000 building devices",SMB; Enterprise; IoT,Reliable command dispatch where every action must be auditable and retried,Durable queues and acknowledgements; Dead-letter queues expose failed device commands; Mature operations model,Broker infrastructure required; Not ideal for battery-powered devices; Queue design affects ordering and fanout,AMQP 0-9-1; AMQP 1.0,https://www.rabbitmq.com/tutorials/amqp-concepts
NATS / JetStream,web,ethernet_ip,Lightweight subject-based messaging with optional persistence for low-latency command and telemetry flows.,NATS; JetStream; TLS,<5ms on LAN,Small text/binary messages,N/A (IP-routed),High with JetStream persistence,"TLS, nkeys, JWT account authorization",Medium,Low,Low; platform/broker plus usage,"100-1,000,000 endpoints/events",Security; Manufacturing; Facilities; Maintenance,"Edge fleets, microservices, low-latency pub/sub command buses",Very low latency and simple clients; Request/reply and pub/sub in one protocol; Persistence available when needed,Smaller enterprise PBX ecosystem than MQTT or AMQP; Requires subject naming discipline; Native clients may be unavailable on constrained legacy devices,NATS Protocol,https://docs.nats.io/
OPC UA,web,ethernet_ip,"Industrial interoperability protocol for secure device command, telemetry, and semantic information models.",OPC UA; UA Binary; HTTPS; PubSub,<10ms to 100ms,Variable,N/A (IP-routed),Very High,"X.509 certificates, signing, encryption, user tokens",High,Medium-High,Medium-High,"10-10,000 industrial points",Utilities; Energy; Water; Industrial automation; Smart building; Facilities; Hospitality; Retail,"Factory, building automation, and industrial facilities integrating telephony events with PLC/SCADA assets",Vendor-neutral industrial data model; Strong built-in security model; Widely supported by automation vendors,Overkill for simple office relay control; Certificate lifecycle adds operational work; Industrial expertise needed,IEC 62541,https://opcfoundation.org/about/opc-technologies/opc-ua/
Modbus TCP,web,ethernet_ip,"Ethernet version of Modbus register reads/writes for simple PLC, relay, and I/O module command.",Modbus TCP; TCP,<10ms on LAN,Minimal register frames,N/A (IP-routed),High on isolated LANs,"None natively; isolate with VPN, firewall, or TLS gateway",Low,Low,Low,"10-10,000 industrial points",Utilities; Energy; Water; Industrial automation; Smart building; Facilities; Hospitality; Retail,PBX-triggered relay outputs in industrial or building-control panels,Extremely common in PLC and I/O devices; Simple register model; Low-cost hardware modules are widely available,No native authentication or encryption; Flat register maps can be error-prone; Needs network isolation,Modbus Application Protocol,https://modbus.org/specs.php
LoRaWAN,non_web,radio_ism,"Long-range, low-power wireless protocol for IoT in unlicensed ISM bands. Edge devices receive downlink commands from a LoRaWAN network server.",LoRaWAN 1.0.4; LoRaWAN 1.1; RP002-1.0.3,"1-10 seconds (class A), <100ms (class B/C)",0.3-50 Kbps,"2-15 km (urban), 10-30 km (rural)","Medium (spread-spectrum, duty-cycle limits)","AES-128 CTR + CMAC (end-to-end), FRM payload encryption, JoinEUI/DevEUI",Medium,"Low (module $5-15, network server open-source or cloud)","Low (module $5-15, network server open-source or cloud); subscription or message/device fees","100-100,000 remote devices",Utilities; Energy; Water; Industrial automation; Logistics; Agriculture; Remote infrastructure; Public safety,"Remote trigger of edge devices where no IP connectivity exists (agriculture, rural infrastructure, pipelines)","Exceptional range (kilometers) with very low power; No cellular subscription needed (ISM band); Excellent building penetration; Bi-directional downlink for command/control; Open standard, multi-vendor ecosystem (TTN, Helium, AWS IoT)",Very low data rate (not for large payloads); Duty-cycle restrictions in EU (868 MHz); Class A devices cannot receive downlink until they send uplink; Latency too high for real-time control,LoRaWAN L2 1.0.4; ETSI EN 300 220; FCC Part 15,https://lora-alliance.org/about-lorawan/
SMS / GSM AT Commands,non_web,cellular,Send commands to edge devices via SMS messages or direct GSM AT commands over cellular network. Widely available even in remote areas.,SMS (GSM 03.38); AT (GSM 07.07); USSD,"1-30 seconds (SMS), <1s (AT command)",160 bytes per SMS,Anywhere with cellular coverage,"High (store-and-forward SMS), Medium (AT on circuit-switched)",SMS is encrypted over-the-air (A5/3) but not end-to-end; SS7 vulnerabilities known,Low,"Low-Medium ($0.01-0.10 per SMS, GSM module $10-30)","Low-Medium ($0.01-0.10 per SMS, GSM module $10-30); subscription or message/device fees","100-100,000 remote devices",Venues; Hospitality; Broadcast; Digital signage; Logistics; Agriculture; Remote infrastructure; Public safety,"Remote sites with only cellular coverage, backup trigger path, offline command delivery",Works anywhere there is cellular coverage; GSM modules are cheap and widely available; Simple AT command interface; SMS is store-and-forward (device can receive when offline); Bidirectional (2-way SMS),"SMS latency varies (1-30s typical, can be hours); SMS is not end-to-end encrypted by default; SS7 vulnerabilities allow SMS interception; Per-message cost at scale; 2G/3G sunsetting reduces GSM availability in some regions",GSM 03.38; GSM 07.07; 3GPP TS 23.040,https://www.3gpp.org/
Z-Wave / Zigbee,non_web,radio_subghz_24ghz,"Short-range mesh RF protocols for home/building automation. Edge devices (relays, sensors, locks) are controlled via controllers that can be triggered from PBX/integration layer.",Z-Wave (ITU-T G.9959); Zigbee 3.0; Zigbee PRO,<100ms,"100 Kbps (Z-Wave), 250 Kbps (Zigbee)",30-50m per node (mesh extends significantly),"High (mesh topology, ACk, retry)","Z-Wave S2 (mandatory), Zigbee APS encryption (AES-128-CCM*)",Low-Medium,"Low (Z-Wave/Zigbee modules $3-10, controllers $30-100)","Low (Z-Wave/Zigbee modules $3-10, controllers $30-100)",1-256 local I/O points,Smart building; Facilities; Hospitality; Retail; Security; Manufacturing; Maintenance; Venues; Broadcast; Digital signage,"In-building edge device control (lighting, door lock, relay) via office PBX/automation integration",Mature ecosystem with thousands of interoperable devices; Mesh topology extends range across buildings; Low power (battery for sensors); Z-Wave S2 has strong security (mandatory since 2017); Direct integration with home/office automation hubs,Short range per node without mesh; Z-Wave and Zigbee are different ecosystems (no interoperability); Requires hub/controller for PBX integration; Limited to building-scale; not for outdoor/long-range; Z-Wave chips supply constraints historically,Z-Wave (ITU-T G.9959); Zigbee 3.0 (IEEE 802.15.4); Matter (as converged transport),https://csa-iot.org/all-solutions/zigbee/
Radio Broadcast (FSK / DTMF over RF),non_web,radio_licensed_subghz,Use licensed/sub-licensed radio (UHF/VHF) to send FSK or DTMF-modulated commands to edge devices. Traditional SCADA approach for oil/gas/water infrastructure.,FSK; GMSK; DTMF over RF; MDC-1200,<500ms,1.2-9.6 Kbps typical,5-50 km (line-of-sight dependent),"Medium (env dependent, interference, multi-path)","None inherently; add AES via encryption radios (Motorola AES-256, etc.)",High,"Medium-High (licensed radio $1000-5000, license fees, antenna infrastructure)","Medium-High (licensed radio $1000-5000, license fees, antenna infrastructure)","100-100,000 remote devices",Utilities; Energy; Water; Industrial automation; Venues; Hospitality; Broadcast; Digital signage; Logistics; Agriculture; Remote infrastructure; Public safety; SaaS; Contact center; Professional services; Systems integration,"Pipeline valve control, electrical substation switching, water system actuation where IP/cellular unavailable",Works where no IP or cellular exists; Proven in industrial SCADA for decades; Licensed spectrum provides interference protection; Range up to 50km line-of-sight,"Requires radio license in most countries; License spectrum costs and regulatory paperwork; No inherent security; encryption adds cost and complexity; Susceptible to interference, weather, multi-path; Low data rate (voice-band FSK)",ETSI EN 300 113; FCC Part 90; ITU-R SM.328,https://www.itu.int/rec/R-REC-SM.328/
"Satellite IoT (Iridium SBD, Globalstar, Starlink Direct-to-Cell)",non_web,satellite,Send commands to edge devices via satellite IoT networks. Iridium Short Burst Data (SBD) provides global pole-to-pole coverage. Emerging LEO direct-to-cell services.,Iridium SBD; Globalstar STX-3; LoRaWAN via Sat (EchoStar); NB-IoT NTN,"10-60 seconds (Iridium SBD), <1s (Starlink D2C)",340 bytes per SBD message (Iridium),"Global (Iridium), Regional (Globalstar, Inmarsat)",High (but dependent on sky view),"AES-256 (Iridium), end-to-end encryption supported",Medium-High,"Medium-High ($0.05-1.00 per message, module $100-500)","Medium-High ($0.05-1.00 per message, module $100-500); high engineering/infrastructure","100-100,000 remote devices",Logistics; Agriculture; Remote infrastructure; Public safety,"Edge devices in polar regions, oceans, deserts, or anywhere with zero terrestrial connectivity",True global coverage (Iridium covers poles); No terrestrial infrastructure needed; Ideal for remote monitoring and command; New LEO services (Starlink D2C) will reduce latency and cost,High per-message cost for traditional satellite IoT; Iridium SBD has 10-60 second latency; Requires clear sky view (not for indoor); Module cost higher than cellular/LoRaWAN; Bandwidth extremely limited,Iridium SBD (9602/9603); 3GPP Rel-17 NTN; ITU-R M.1850,https://www.iridium.com/services/iridium-sbd/
Ethernet P2P (Broadcast / UDP Multicast),web,ethernet_wire,Direct Ethernet frame transmission using UDP broadcast or multicast on LAN segment. Edge devices listen on specific port and execute commands from any sender on the same subnet.,UDP; EtherType; ARP; IGMP,<1ms on LAN,Minimal (64 bytes minimum Ethernet frame),N/A (IP-routed),"Low-Medium (UDP no ACK, no delivery guarantee)","None at link layer; VLAN ACLs, MAC filtering optional",Low,Very Low,Very Low,1-256 local I/O points,Smart building; Facilities; Hospitality; Retail,"Sub-millisecond relay triggering on local LAN, broadcast paging, synchronized actuation across multiple edge devices",Lowest possible latency on Ethernet (<1ms); Broadcast reaches all devices on subnet simultaneously; No IP configuration needed (raw Ethernet frames); Works on the most basic microcontrollers with Ethernet PHY,No delivery guarantee (UDP best-effort); Broadcast storms can impact network performance; No security or authentication by default; Does not route across subnets; Very implementation-specific; no standard API,IEEE 802.3; RFC 768 (UDP),https://www.rfc-editor.org/rfc/rfc768
DTMF over VoIP (RFC 4733),web,ethernet_ip,Use RFC 4733 out-of-band DTMF event packets within a SIP RTP stream to relay keypad digits as commands. Each digit maps to a specific action on the edge device.,SIP; RTP; RFC 4733; RFC 2833,<50ms (same as voice RTP),~100 bytes per DTMF event (within existing RTP stream),N/A (IP-routed),"High (redundant event reporting, duration field)",Same as SIP/RTP call (TLS + SRTP),Medium,Very Low (piggybacks on existing VoIP call),Very Low (piggybacks on existing VoIP call),1-256 local I/O points,Smart building; Facilities; Hospitality; Retail; SaaS; Contact center; Professional services; Systems integration,"Legacy IVR/auto-attendant style control over VoIP: press 1=relay on, press 2=relay off, press 3=query status",Piggybacks on existing SIP/VoIP infrastructure; Industry standard for DTMF transport over IP; Backward compatible with older PSTN DTMF patterns; Out-of-band avoids voice codec distortion,"Edge device must be an RTP endpoint or media proxy; Requires active SIP call/session to send DTMF; Limited command vocabulary (0-9, *, #); Not for high-frequency commands (single DTMF per packet)",RFC 4733; RFC 2833,https://www.rfc-editor.org/rfc/rfc4733
DNP3 / IEC 61850 (for utility/SCADA),non_web,serial_ethernet,"Industrial SCADA protocols (DNP3 over TCP/UDP, IEC 61850 over Ethernet) designed for electrical substation and utility edge device command/control.",DNP3; IEC 61850; IEC 60870-5-101/104; MODBUS TCP,<10ms on LAN,"Minimal (binary commands, analog status)",N/A (IP-routed),"Very High (time-tagged, sequence-of-events, redundant links)","DNP3 Secure Authentication (SAv5), IEC 62351",Very High,"High (SCADA master license, RTU, engineering)","High (SCADA master license, RTU, engineering); high engineering/infrastructure","10-10,000 industrial points",Utilities; Energy; Water; Industrial automation; Smart building; Facilities; Hospitality; Retail,"Utility substation, electrical grid, water treatment plant edge device command/control (relay, breaker, valve)",Industrial-grade reliability and determinism; Time-stamped events for post-incident analysis; Standard in utility industry worldwide; Secure authentication profiles available (SAv5),Very high complexity and engineering cost; Not designed for commercial/office environment; Overkill for simple relay/command use cases; Requires trained SCADA engineers; IEC 61850 requires specific Ethernet switches (GOOSE messaging),IEEE 1815 (DNP3); IEC 61850; IEC 62351; IEEE C37.118,https://www.dnp.org/About/Overview-of-DNP3-Protocol
NB-IoT / LTE-M,non_web,cellular_lpwans,Low-power cellular IoT technologies for command and telemetry where licensed-carrier coverage is available.,NB-IoT; LTE-M; MQTT; CoAP; LwM2M,100ms to several seconds,Tens to hundreds of Kbps,"Carrier footprint, strong indoor penetration",High where carrier IoT coverage exists,"3GPP SIM authentication, LTE encryption, TLS at application layer",Medium,Low-Medium subscription,Low-Medium subscription; subscription or message/device fees,"100-100,000 remote devices",Utilities; Energy; Water; Industrial automation; Smart building; Facilities; Hospitality; Retail; Venues; Broadcast; Digital signage; Logistics; Agriculture; Remote infrastructure; Public safety,"Remote alarms, utility meters, building edge controllers with small data payloads",Carrier-managed licensed spectrum; Better building penetration than classic LTE; Lower power than full cellular modems,Coverage varies by country and operator; Downlink latency can be variable; Requires SIM/eSIM lifecycle management,3GPP LTE Cat-M1; 3GPP NB-IoT; LwM2M,https://www.gsma.com/solutions-and-impact/technologies/internet-of-things/narrow-band-internet-of-things-nb-iot/
eSIM / Remote SIM Provisioning for IoT,non_web,cellular_esim,Use eSIM/eUICC profiles and remote SIM provisioning platforms to keep edge devices connected across carriers without physical SIM swaps.,eSIM; eUICC; SGP.02; SGP.22; SGP.32; HTTPS APIs,Carrier/data-path dependent,Cellular plan dependent,Multi-carrier national or global footprint,High with multi-IMSI/multi-carrier failover,"eUICC profile security, carrier authentication, TLS API control plane",Medium-High,Low-Medium per active profile/device,Low-Medium per active profile/device; subscription or message/device fees,"100-100,000 remote devices",Logistics; Agriculture; Remote infrastructure; Public safety,"Cellular command path for remote PBX gateways, alarms, meters, kiosks, fleet equipment, and industrial edge controllers",No truck roll for physical SIM swaps; Supports carrier failover and regional profile changes; API-managed fleet lifecycle,Device modem/eUICC compatibility must be verified; Carrier roaming and permanent-roaming rules vary by country; Voice/SMS support differs from data-only IoT plans,GSMA SGP.02; GSMA SGP.22; GSMA SGP.32,https://www.gsma.com/solutions-and-impact/technologies/esim/
Private LTE / Private 5G,non_web,private_cellular,Dedicated campus cellular network for mission-critical voice-adjacent device control and mobile edge connectivity.,LTE; 5G NR; SIP; MQTT; HTTPS,5-30ms typical,Mbps to Gbps,Campus or facility,Very High with engineered RF design,"SIM/eSIM authentication, 5G AKA, network slicing, private core policy",Very High,High,High; high engineering/infrastructure,"100-100,000 remote devices",Logistics; Agriculture; Remote infrastructure; Public safety,"Hospitals, ports, factories, airports, mines, and public safety campuses","Controlled RF and QoS; Mobility support beyond Wi-Fi; Can carry voice, video, and control traffic",Spectrum and core-network expertise required; High deployment cost; Regulatory model differs by country,3GPP 4G LTE; 3GPP 5G NR,https://www.3gpp.org/technologies/private-networks
Matter over Thread,non_web,radio_802_15_4,IP-based smart-building control using Matter application semantics over Thread low-power mesh.,Matter; Thread; IPv6; CoAP,<100ms typical,250 Kbps PHY,Building mesh,High in dense mesh,"Matter device attestation, CASE, AES-CCM",Medium,Low-Medium,Low-Medium,1-256 local I/O points,Utilities; Energy; Water; Industrial automation; Smart building; Facilities; Hospitality; Retail; Security; Manufacturing; Maintenance,"PBX-triggered building devices such as locks, lights, relays, and sensors","Modern multi-vendor smart-building standard; IP-based, unlike many older home automation stacks; Strong onboarding and attestation model",Still maturing in commercial deployments; Needs border routers; Device-class coverage is not universal,Matter 1.x; Thread 1.3; IEEE 802.15.4,https://csa-iot.org/all-solutions/matter/
Bluetooth LE / BLE Mesh,non_web,radio_24ghz,Short-range wireless control using BLE GATT services or BLE Mesh models.,Bluetooth LE; GATT; BLE Mesh,10-200ms,125 Kbps to 2 Mbps PHY,10-100m per hop,Medium-High,"LE Secure Connections, AES-CCM, provisioning keys",Medium,Very Low,Very Low,1-256 local I/O points,Smart building; Facilities; Hospitality; Retail; Security; Manufacturing; Maintenance,"Phone-proximate setup, room devices, badges, small relays, and sensors",Available in phones and low-cost microcontrollers; Good for provisioning and local control; BLE Mesh supports managed building-scale networks,2.4GHz interference; Range is limited without mesh; Gateway needed for remote PBX integration,Bluetooth Core; Bluetooth Mesh Profile,https://www.bluetooth.com/learn-about-bluetooth/feature-enhancements/mesh/
Wi-Fi HaLow (802.11ah),non_web,radio_subghz,Sub-GHz Wi-Fi variant for longer-range low-power IP connectivity to edge devices.,IEEE 802.11ah; IPv4; IPv6; HTTPS; MQTT,10-100ms,Hundreds of Kbps to Mbps,Hundreds of meters to 1km+,Medium-High,"WPA3 where supported, TLS at application layer",Medium,Medium,Medium,"100-100,000 remote devices",Utilities; Energy; Water; Industrial automation; Logistics; Agriculture; Remote infrastructure; Public safety,"Large campuses, warehouses, agriculture, and parking facilities needing IP without cellular",Native IP model like Wi-Fi; Better range and wall penetration than 2.4GHz Wi-Fi; Supports many IoT devices per access point,Ecosystem is younger than Wi-Fi 6/7 or LoRaWAN; Regional sub-GHz spectrum differs; Client hardware choices are narrower,IEEE 802.11ah,https://www.wi-fi.org/discover-wi-fi/wi-fi-halow
RS-485 / Modbus RTU,non_web,serial_wire,"Differential serial bus for robust local wired control of relays, PLCs, and I/O modules.",RS-485; Modbus RTU,<20ms local,9.6 Kbps to 115.2 Kbps typical,Up to 1200m bus length,High in electrically noisy sites,None natively; physical security and gateway isolation,Low-Medium,Very Low,Very Low,"10-10,000 industrial points",Utilities; Energy; Water; Industrial automation; Smart building; Facilities; Hospitality; Retail,PBX-to-gateway command of industrial relay boards and legacy building devices,Very cheap and rugged; Long cable runs; Huge ecosystem of relay and sensor modules,No native encryption or authentication; Bus termination and addressing must be correct; Gateway needed for IP/cloud integration,TIA/EIA-485; Modbus RTU,https://modbus.org/specs.php
Dry Contact / Relay Closure,non_web,electrical_contact,"Simple electrically isolated contact closure that emulates a button, alarm input, or door-strike trigger.",GPIO; Relay; Opto-isolated input,<5ms,Binary on/off,Cable dependent,Very High when wired correctly,Physical security only,Very Low,Very Low,Very Low,1-256 local I/O points,Smart building; Facilities; Hospitality; Retail; Healthcare; Public safety; Access control,"Door release, paging amplifier trigger, siren activation, elevator/fire-panel interface",Universally understood by legacy equipment; No protocol compatibility issue; Fails visibly and is easy to test with a meter,"No identity, encryption, or audit trail by itself; Only carries simple binary state; Requires local wiring and electrical protection",IEC relay practice; GPIO vendor specs,https://en.wikipedia.org/wiki/Dry_contact
Power Line Communication (PLC),non_web,powerline,Send control data over existing electrical wiring using narrowband or broadband PLC.,G3-PLC; PRIME; HomePlug Green PHY,10ms to seconds,Kbps to Mbps,Building or utility segment,Medium,AES profiles vary by standard,High,Medium,Medium,"5-5,000 devices",Utilities; Energy; Water; Industrial automation; Smart building; Facilities; Hospitality; Retail,"Utility meters, building devices, and retrofit sites where new signal cabling is hard",Uses existing power wiring; Useful in dense retrofit environments; Mature in smart-meter deployments,Noise and phase coupling affect reliability; Installation rules vary by electrical system; Not a good fit for life-safety triggers without engineering,G3-PLC; PRIME; HomePlug Green PHY,https://www.itu.int/en/ITU-T/studygroups/2017-2020/15/Pages/g.hn.aspx
SIP NOTIFY / SUBSCRIBE events,web,ethernet_ip,"SIP NOTIFY / SUBSCRIBE events as an alternative trigger or command path when PSTN line signaling is unavailable, expensive, or too limited.",SIP; SUBSCRIBE; NOTIFY,"<50ms on LAN, WAN dependent",Small command/event payloads,IP routed,High with retries and monitoring,"TLS/mTLS, signed payloads, RBAC, network segmentation",Medium,Low-Medium,Low-Medium,"5-5,000 devices",SaaS; Contact center; Systems integration,Voice platform events trigger subscribed device actions.,"Broadens migration options beyond PSTN and classic PBX lines; Can be selected by site constraints, latency, and available infrastructure; Integrates with gateways, edge controllers, or automation middleware",Requires validation against local device support and regulations; Operational tooling and monitoring differ by protocol; May need a gateway layer to connect with PBX or UCaaS events,SIP; SUBSCRIBE; NOTIFY,https://www.rfc-editor.org/rfc/rfc6665
SIP MESSAGE instant command,web,ethernet_ip,"SIP MESSAGE instant command as an alternative trigger or command path when PSTN line signaling is unavailable, expensive, or too limited.",SIP MESSAGE; CPIM,"<50ms on LAN, WAN dependent",Small command/event payloads,IP routed,High with retries and monitoring,"TLS/mTLS, signed payloads, RBAC, network segmentation",Medium,Low-Medium,Low-Medium,"5-5,000 devices",Facilities; Hospitality; Systems integration,Short SIP text payloads carry commands to SIP-aware gateways.,"Broadens migration options beyond PSTN and classic PBX lines; Can be selected by site constraints, latency, and available infrastructure; Integrates with gateways, edge controllers, or automation middleware",Requires validation against local device support and regulations; Operational tooling and monitoring differ by protocol; May need a gateway layer to connect with PBX or UCaaS events,SIP MESSAGE; CPIM,https://www.rfc-editor.org/rfc/rfc3428
SIP KPML digit events,web,ethernet_ip,"SIP KPML digit events as an alternative trigger or command path when PSTN line signaling is unavailable, expensive, or too limited.",SIP; KPML; XML,"<50ms on LAN, WAN dependent",Small command/event payloads,IP routed,High with retries and monitoring,"TLS/mTLS, signed payloads, RBAC, network segmentation",Medium,Low-Medium,Low-Medium,"5-5,000 devices",Contact center; Hospitality; Legacy facilities,Keypad markup events map phone digits to edge commands.,"Broadens migration options beyond PSTN and classic PBX lines; Can be selected by site constraints, latency, and available infrastructure; Integrates with gateways, edge controllers, or automation middleware",Requires validation against local device support and regulations; Operational tooling and monitoring differ by protocol; May need a gateway layer to connect with PBX or UCaaS events,SIP; KPML; XML,https://www.rfc-editor.org/rfc/rfc4730
RTP audio tone detection,web,ethernet_ip,"RTP audio tone detection as an alternative trigger or command path when PSTN line signaling is unavailable, expensive, or too limited.",RTP; DSP; Goertzel,"<50ms on LAN, WAN dependent",Small command/event payloads,IP routed,High with retries and monitoring,"TLS/mTLS, signed payloads, RBAC, network segmentation",Medium,Low-Medium,Low-Medium,"1-10,000 sensed physical points",Legacy facilities; Paging; Hospitality,Gateway detects tones or audio cues in a voice stream.,"Broadens migration options beyond PSTN and classic PBX lines; Can be selected by site constraints, latency, and available infrastructure; Integrates with gateways, edge controllers, or automation middleware",Requires validation against local device support and regulations; Operational tooling and monitoring differ by protocol; May need a gateway layer to connect with PBX or UCaaS events,RTP; DSP; Goertzel,https://www.rfc-editor.org/rfc/rfc3550
SRTP-secured media command channel,web,ethernet_ip,"SRTP-secured media command channel as an alternative trigger or command path when PSTN line signaling is unavailable, expensive, or too limited.",SRTP; RTP; SIP,"<50ms on LAN, WAN dependent",Small command/event payloads,IP routed,High with retries and monitoring,"TLS/mTLS, signed payloads, RBAC, network segmentation",Medium,Low-Medium,Low-Medium,"5-5,000 devices",Enterprise; Government; Healthcare,Encrypted RTP session carries command tones or metadata.,"Broadens migration options beyond PSTN and classic PBX lines; Can be selected by site constraints, latency, and available infrastructure; Integrates with gateways, edge controllers, or automation middleware",Requires validation against local device support and regulations; Operational tooling and monitoring differ by protocol; May need a gateway layer to connect with PBX or UCaaS events,SRTP; RTP; SIP,https://www.rfc-editor.org/rfc/rfc3711
XMPP PubSub,web,ethernet_ip,"XMPP PubSub as an alternative trigger or command path when PSTN line signaling is unavailable, expensive, or too limited.",XMPP; PubSub; TLS,"<50ms on LAN, WAN dependent",Small command/event payloads,IP routed,High with retries and monitoring,"TLS/mTLS, signed payloads, RBAC, network segmentation",Medium,Low-Medium,Low-Medium,"5-5,000 devices",Enterprise; Messaging; Systems integration,Federated publish/subscribe events dispatch device commands.,"Broadens migration options beyond PSTN and classic PBX lines; Can be selected by site constraints, latency, and available infrastructure; Integrates with gateways, edge controllers, or automation middleware",Requires validation against local device support and regulations; Operational tooling and monitoring differ by protocol; May need a gateway layer to connect with PBX or UCaaS events,XMPP; PubSub; TLS,https://xmpp.org/extensions/xep-0060.html
Redis Streams,web,ethernet_ip,"Redis Streams as an alternative trigger or command path when PSTN line signaling is unavailable, expensive, or too limited.",Redis; Streams; TLS,"<50ms on LAN, WAN dependent",Small command/event payloads,IP routed,High with retries and monitoring,"TLS/mTLS, signed payloads, RBAC, network segmentation",Medium,Low-Medium,Low-Medium,"5-5,000 devices",SaaS; Retail; IoT,Append-only event stream with consumer groups for command workers.,"Broadens migration options beyond PSTN and classic PBX lines; Can be selected by site constraints, latency, and available infrastructure; Integrates with gateways, edge controllers, or automation middleware",Requires validation against local device support and regulations; Operational tooling and monitoring differ by protocol; May need a gateway layer to connect with PBX or UCaaS events,Redis; Streams; TLS,https://redis.io/docs/latest/develop/data-types/streams/
Apache Kafka,web,ethernet_ip,"Apache Kafka as an alternative trigger or command path when PSTN line signaling is unavailable, expensive, or too limited.",Kafka; TLS; SASL,"<50ms on LAN, WAN dependent",Small command/event payloads,IP routed,High with retries and monitoring,"TLS/mTLS, signed payloads, RBAC, network segmentation",Medium,Low-Medium,Low-Medium,"10-1,000 building devices",Enterprise; Logistics; Financial services,High-scale event log for auditable command workflows.,"Broadens migration options beyond PSTN and classic PBX lines; Can be selected by site constraints, latency, and available infrastructure; Integrates with gateways, edge controllers, or automation middleware",Requires validation against local device support and regulations; Operational tooling and monitoring differ by protocol; May need a gateway layer to connect with PBX or UCaaS events,Kafka; TLS; SASL,https://kafka.apache.org/documentation/
Pulsar topics,web,ethernet_ip,"Pulsar topics as an alternative trigger or command path when PSTN line signaling is unavailable, expensive, or too limited.",Apache Pulsar; TLS,"<50ms on LAN, WAN dependent",Small command/event payloads,IP routed,High with retries and monitoring,"TLS/mTLS, signed payloads, RBAC, network segmentation",Medium,Low-Medium,Low-Medium,"5-5,000 devices",SaaS; IoT; Enterprise,Multi-tenant topic bus for command and telemetry streams.,"Broadens migration options beyond PSTN and classic PBX lines; Can be selected by site constraints, latency, and available infrastructure; Integrates with gateways, edge controllers, or automation middleware",Requires validation against local device support and regulations; Operational tooling and monitoring differ by protocol; May need a gateway layer to connect with PBX or UCaaS events,Apache Pulsar; TLS,https://pulsar.apache.org/docs/
ZeroMQ command sockets,web,ethernet_ip,"ZeroMQ command sockets as an alternative trigger or command path when PSTN line signaling is unavailable, expensive, or too limited.",ZeroMQ; TCP; CurveZMQ,"<50ms on LAN, WAN dependent",Small command/event payloads,IP routed,High with retries and monitoring,"TLS/mTLS, signed payloads, RBAC, network segmentation",Medium,Low-Medium,Low-Medium,"1-10,000 sensed physical points",Industrial automation; Systems integration; Labs,Lightweight socket patterns connect local command agents.,"Broadens migration options beyond PSTN and classic PBX lines; Can be selected by site constraints, latency, and available infrastructure; Integrates with gateways, edge controllers, or automation middleware",Requires validation against local device support and regulations; Operational tooling and monitoring differ by protocol; May need a gateway layer to connect with PBX or UCaaS events,ZeroMQ; TCP; CurveZMQ,https://zeromq.org/
DDS / RTPS,web,ethernet_ip,"DDS / RTPS as an alternative trigger or command path when PSTN line signaling is unavailable, expensive, or too limited.",DDS; RTPS,"<50ms on LAN, WAN dependent",Small command/event payloads,IP routed,High with retries and monitoring,"TLS/mTLS, signed payloads, RBAC, network segmentation",Medium,Low-Medium,Low-Medium,"5-5,000 devices",Robotics; Aerospace; Industrial automation,Real-time pub/sub middleware for deterministic edge control.,"Broadens migration options beyond PSTN and classic PBX lines; Can be selected by site constraints, latency, and available infrastructure; Integrates with gateways, edge controllers, or automation middleware",Requires validation against local device support and regulations; Operational tooling and monitoring differ by protocol; May need a gateway layer to connect with PBX or UCaaS events,DDS; RTPS,https://www.omg.org/spec/DDS/
LwM2M device management,web,ethernet_ip,"LwM2M device management as an alternative trigger or command path when PSTN line signaling is unavailable, expensive, or too limited.",LwM2M; CoAP; DTLS,"<50ms on LAN, WAN dependent",Small command/event payloads,IP routed,High with retries and monitoring,"TLS/mTLS, signed payloads, RBAC, network segmentation",Medium,Low-Medium,Low-Medium,"5-5,000 devices",Utilities; IoT; Remote infrastructure,Device-management objects expose execute commands and telemetry.,"Broadens migration options beyond PSTN and classic PBX lines; Can be selected by site constraints, latency, and available infrastructure; Integrates with gateways, edge controllers, or automation middleware",Requires validation against local device support and regulations; Operational tooling and monitoring differ by protocol; May need a gateway layer to connect with PBX or UCaaS events,LwM2M; CoAP; DTLS,https://omaspecworks.org/what-is-oma-specworks/iot/lightweight-m2m-lwm2m/
OMA DM legacy device management,web,cellular_ip,"OMA DM legacy device management as an alternative trigger or command path when PSTN line signaling is unavailable, expensive, or too limited.",OMA DM; HTTPS,"<50ms on LAN, WAN dependent",Small command/event payloads,IP routed,High with retries and monitoring,"TLS/mTLS, signed payloads, RBAC, network segmentation",Medium,Low-Medium,Low-Medium; subscription or message/device fees,"100-100,000 remote devices",Telecom; Field devices; Legacy fleets,Legacy mobile-device management channel for remote configuration.,"Broadens migration options beyond PSTN and classic PBX lines; Can be selected by site constraints, latency, and available infrastructure; Integrates with gateways, edge controllers, or automation middleware",Requires validation against local device support and regulations; Operational tooling and monitoring differ by protocol; May need a gateway layer to connect with PBX or UCaaS events,OMA DM; HTTPS,https://omaspecworks.org/what-is-oma-specworks/device-management/
SNMP SET command,web,ethernet_ip,"SNMP SET command as an alternative trigger or command path when PSTN line signaling is unavailable, expensive, or too limited.",SNMPv3; UDP,"<50ms on LAN, WAN dependent",Small command/event payloads,IP routed,High with retries and monitoring,"TLS/mTLS, signed payloads, RBAC, network segmentation",Medium,Low-Medium,Low-Medium,"5-5,000 devices",Telecom; Network operations; Facilities,Management station writes OIDs to trigger networked equipment.,"Broadens migration options beyond PSTN and classic PBX lines; Can be selected by site constraints, latency, and available infrastructure; Integrates with gateways, edge controllers, or automation middleware",Requires validation against local device support and regulations; Operational tooling and monitoring differ by protocol; May need a gateway layer to connect with PBX or UCaaS events,SNMPv3; UDP,https://www.rfc-editor.org/rfc/rfc3411
NETCONF over SSH,web,ethernet_ip,"NETCONF over SSH as an alternative trigger or command path when PSTN line signaling is unavailable, expensive, or too limited.",NETCONF; SSH; YANG,"<50ms on LAN, WAN dependent",Small command/event payloads,IP routed,High with retries and monitoring,"TLS/mTLS, signed payloads, RBAC, network segmentation",Medium,Low-Medium,Low-Medium,"5-5,000 devices",Telecom; Data centers; Enterprise networks,Structured network configuration RPCs operate routers and gateways.,"Broadens migration options beyond PSTN and classic PBX lines; Can be selected by site constraints, latency, and available infrastructure; Integrates with gateways, edge controllers, or automation middleware",Requires validation against local device support and regulations; Operational tooling and monitoring differ by protocol; May need a gateway layer to connect with PBX or UCaaS events,NETCONF; SSH; YANG,https://www.rfc-editor.org/rfc/rfc6241
RESTCONF,web,ethernet_ip,"RESTCONF as an alternative trigger or command path when PSTN line signaling is unavailable, expensive, or too limited.",RESTCONF; YANG; HTTPS,"<50ms on LAN, WAN dependent",Small command/event payloads,IP routed,High with retries and monitoring,"TLS/mTLS, signed payloads, RBAC, network segmentation",Medium,Low-Medium,Low-Medium,"5-5,000 devices",Telecom; Enterprise networks; Data centers,HTTP-based YANG control for network and gateway devices.,"Broadens migration options beyond PSTN and classic PBX lines; Can be selected by site constraints, latency, and available infrastructure; Integrates with gateways, edge controllers, or automation middleware",Requires validation against local device support and regulations; Operational tooling and monitoring differ by protocol; May need a gateway layer to connect with PBX or UCaaS events,RESTCONF; YANG; HTTPS,https://www.rfc-editor.org/rfc/rfc8040
OpenFlow SDN control,web,ethernet_ip,"OpenFlow SDN control as an alternative trigger or command path when PSTN line signaling is unavailable, expensive, or too limited.",OpenFlow; TLS,"<50ms on LAN, WAN dependent",Small command/event payloads,IP routed,High with retries and monitoring,"TLS/mTLS, signed payloads, RBAC, network segmentation",Medium,Low-Medium,Low-Medium,"5-5,000 devices",Data centers; Telecom; Campus networks,SDN controller changes paths or port state after voice events.,"Broadens migration options beyond PSTN and classic PBX lines; Can be selected by site constraints, latency, and available infrastructure; Integrates with gateways, edge controllers, or automation middleware",Requires validation against local device support and regulations; Operational tooling and monitoring differ by protocol; May need a gateway layer to connect with PBX or UCaaS events,OpenFlow; TLS,https://opennetworking.org/sdn-resources/openflow/
BACnet/IP,web,ethernet_ip,"BACnet/IP as an alternative trigger or command path when PSTN line signaling is unavailable, expensive, or too limited.",BACnet/IP; UDP,"<50ms on LAN, WAN dependent",Small command/event payloads,IP routed,High with retries and monitoring,"TLS/mTLS, signed payloads, RBAC, network segmentation",Medium,Low-Medium,Low-Medium,"5-5,000 devices",Smart building; Facilities; Healthcare,"Building automation objects control HVAC, access, and alarms.","Broadens migration options beyond PSTN and classic PBX lines; Can be selected by site constraints, latency, and available infrastructure; Integrates with gateways, edge controllers, or automation middleware",Requires validation against local device support and regulations; Operational tooling and monitoring differ by protocol; May need a gateway layer to connect with PBX or UCaaS events,BACnet/IP; UDP,https://bacnet.org/
KNXnet/IP,web,ethernet_ip,"KNXnet/IP as an alternative trigger or command path when PSTN line signaling is unavailable, expensive, or too limited.",KNX; KNXnet/IP,"<50ms on LAN, WAN dependent",Small command/event payloads,IP routed,High with retries and monitoring,"TLS/mTLS, signed payloads, RBAC, network segmentation",Medium,Low-Medium,Low-Medium,1-256 local I/O points,Smart building; Hospitality; Facilities,Building bus integration over IP for lighting and relay actions.,"Broadens migration options beyond PSTN and classic PBX lines; Can be selected by site constraints, latency, and available infrastructure; Integrates with gateways, edge controllers, or automation middleware",Requires validation against local device support and regulations; Operational tooling and monitoring differ by protocol; May need a gateway layer to connect with PBX or UCaaS events,KNX; KNXnet/IP,https://www.knx.org/knx-en/for-professionals/What-is-KNX/
DALI-2 lighting control,non_web,building_bus,"DALI-2 lighting control as an alternative trigger or command path when PSTN line signaling is unavailable, expensive, or too limited.",DALI-2; IEC 62386,"Sub-ms to seconds, medium dependent",Small command/event payloads,"Local, device, cable, optical, acoustic, mechanical, facility, carrier, or physical-process footprint",Medium-High with engineered installation,"Physical security, link-layer security where supported, gateway authentication",Medium,Low-Medium hardware plus installation,Low-Medium hardware plus installation,"1-10,000 sensed physical points",Smart building; Retail; Hospitality,Dedicated lighting bus receives commands through a gateway.,"Broadens migration options beyond PSTN and classic PBX lines; Can be selected by site constraints, latency, and available infrastructure; Integrates with gateways, edge controllers, or automation middleware",Requires validation against local device support and regulations; Operational tooling and monitoring differ by protocol; May need a gateway layer to connect with PBX or UCaaS events,DALI-2; IEC 62386,https://www.dali-alliance.org/dali/
DMX512 / RDM,non_web,serial_wire,"DMX512 / RDM as an alternative trigger or command path when PSTN line signaling is unavailable, expensive, or too limited.",DMX512; RDM; RS-485,"Sub-ms to seconds, medium dependent",Small command/event payloads,"Local, device, cable, optical, acoustic, mechanical, facility, carrier, or physical-process footprint",Medium-High with engineered installation,"Physical security, link-layer security where supported, gateway authentication",Medium,Low-Medium hardware plus installation,Low-Medium hardware plus installation,1-256 local I/O points,Venues; Hospitality; Retail,Lighting and stage-control bus triggers scenes and relays.,"Broadens migration options beyond PSTN and classic PBX lines; Can be selected by site constraints, latency, and available infrastructure; Integrates with gateways, edge controllers, or automation middleware",Requires validation against local device support and regulations; Operational tooling and monitoring differ by protocol; May need a gateway layer to connect with PBX or UCaaS events,DMX512; RDM; RS-485,https://tsp.esta.org/tsp/documents/published_docs.php
CAN bus / CANopen,non_web,fieldbus,"CAN bus / CANopen as an alternative trigger or command path when PSTN line signaling is unavailable, expensive, or too limited.",CAN; CANopen,"Sub-ms to seconds, medium dependent",Small command/event payloads,"Local, device, cable, optical, acoustic, mechanical, facility, carrier, or physical-process footprint",Medium-High with engineered installation,"Physical security, link-layer security where supported, gateway authentication",Medium,Low-Medium hardware plus installation,Low-Medium hardware plus installation,"5-5,000 devices",Industrial automation; Vehicles; Robotics,Robust fieldbus commands controllers and mobile equipment.,"Broadens migration options beyond PSTN and classic PBX lines; Can be selected by site constraints, latency, and available infrastructure; Integrates with gateways, edge controllers, or automation middleware",Requires validation against local device support and regulations; Operational tooling and monitoring differ by protocol; May need a gateway layer to connect with PBX or UCaaS events,CAN; CANopen,https://www.can-cia.org/can-knowledge/canopen
J1939 vehicle bus,non_web,fieldbus,"J1939 vehicle bus as an alternative trigger or command path when PSTN line signaling is unavailable, expensive, or too limited.",SAE J1939; CAN,"Sub-ms to seconds, medium dependent",Small command/event payloads,"Local, device, cable, optical, acoustic, mechanical, facility, carrier, or physical-process footprint",Medium-High with engineered installation,"Physical security, link-layer security where supported, gateway authentication",Medium,Low-Medium hardware plus installation,Low-Medium hardware plus installation,"5-5,000 devices",Fleet; Logistics; Agriculture,Heavy-vehicle network commands and reads equipment state.,"Broadens migration options beyond PSTN and classic PBX lines; Can be selected by site constraints, latency, and available infrastructure; Integrates with gateways, edge controllers, or automation middleware",Requires validation against local device support and regulations; Operational tooling and monitoring differ by protocol; May need a gateway layer to connect with PBX or UCaaS events,SAE J1939; CAN,https://www.sae.org/standards/content/j1939_202208/
PROFINET IO,web,ethernet_ip,"PROFINET IO as an alternative trigger or command path when PSTN line signaling is unavailable, expensive, or too limited.",PROFINET; Industrial Ethernet,"<50ms on LAN, WAN dependent",Small command/event payloads,IP routed,High with retries and monitoring,"TLS/mTLS, signed payloads, RBAC, network segmentation",Medium,Low-Medium,Low-Medium,"5-5,000 devices",Manufacturing; Industrial automation; Utilities,Industrial Ethernet I/O commands PLC devices in factories.,"Broadens migration options beyond PSTN and classic PBX lines; Can be selected by site constraints, latency, and available infrastructure; Integrates with gateways, edge controllers, or automation middleware",Requires validation against local device support and regulations; Operational tooling and monitoring differ by protocol; May need a gateway layer to connect with PBX or UCaaS events,PROFINET; Industrial Ethernet,https://www.profibus.com/technology/profinet
PROFIBUS DP,non_web,fieldbus,"PROFIBUS DP as an alternative trigger or command path when PSTN line signaling is unavailable, expensive, or too limited.",PROFIBUS DP; RS-485,"Sub-ms to seconds, medium dependent",Small command/event payloads,"Local, device, cable, optical, acoustic, mechanical, facility, carrier, or physical-process footprint",Medium-High with engineered installation,"Physical security, link-layer security where supported, gateway authentication",Medium,Low-Medium hardware plus installation,Low-Medium hardware plus installation,"5-5,000 devices",Manufacturing; Legacy factories; Utilities,Legacy factory fieldbus controls distributed I/O and drives.,"Broadens migration options beyond PSTN and classic PBX lines; Can be selected by site constraints, latency, and available infrastructure; Integrates with gateways, edge controllers, or automation middleware",Requires validation against local device support and regulations; Operational tooling and monitoring differ by protocol; May need a gateway layer to connect with PBX or UCaaS events,PROFIBUS DP; RS-485,https://www.profibus.com/technology/profibus
EtherNet/IP CIP,web,ethernet_ip,"EtherNet/IP CIP as an alternative trigger or command path when PSTN line signaling is unavailable, expensive, or too limited.",EtherNet/IP; CIP,"<50ms on LAN, WAN dependent",Small command/event payloads,IP routed,High with retries and monitoring,"TLS/mTLS, signed payloads, RBAC, network segmentation",Medium,Low-Medium,Low-Medium,"5-5,000 devices",Manufacturing; Warehousing; Industrial automation,"CIP messages control PLCs, drives, and industrial I/O.","Broadens migration options beyond PSTN and classic PBX lines; Can be selected by site constraints, latency, and available infrastructure; Integrates with gateways, edge controllers, or automation middleware",Requires validation against local device support and regulations; Operational tooling and monitoring differ by protocol; May need a gateway layer to connect with PBX or UCaaS events,EtherNet/IP; CIP,https://www.odva.org/technology-standards/key-technologies/ethernet-ip/
EtherCAT,web,ethernet_wire,"EtherCAT as an alternative trigger or command path when PSTN line signaling is unavailable, expensive, or too limited.",EtherCAT,"<50ms on LAN, WAN dependent",Small command/event payloads,IP routed,High with retries and monitoring,"TLS/mTLS, signed payloads, RBAC, network segmentation",Medium,Low-Medium,Low-Medium,"5-5,000 devices",Robotics; Manufacturing; Motion control,Deterministic Ethernet fieldbus for fast machine control.,"Broadens migration options beyond PSTN and classic PBX lines; Can be selected by site constraints, latency, and available infrastructure; Integrates with gateways, edge controllers, or automation middleware",Requires validation against local device support and regulations; Operational tooling and monitoring differ by protocol; May need a gateway layer to connect with PBX or UCaaS events,EtherCAT,https://www.ethercat.org/en/technology.html
SERCOS III,web,ethernet_wire,"SERCOS III as an alternative trigger or command path when PSTN line signaling is unavailable, expensive, or too limited.",SERCOS III,"<50ms on LAN, WAN dependent",Small command/event payloads,IP routed,High with retries and monitoring,"TLS/mTLS, signed payloads, RBAC, network segmentation",Medium,Low-Medium,Low-Medium,"5-5,000 devices",Motion control; Manufacturing; Robotics,Industrial real-time Ethernet for motion and machine commands.,"Broadens migration options beyond PSTN and classic PBX lines; Can be selected by site constraints, latency, and available infrastructure; Integrates with gateways, edge controllers, or automation middleware",Requires validation against local device support and regulations; Operational tooling and monitoring differ by protocol; May need a gateway layer to connect with PBX or UCaaS events,SERCOS III,https://www.sercos.org/technology/sercos-iii/
IO-Link,non_web,sensor_bus,"IO-Link as an alternative trigger or command path when PSTN line signaling is unavailable, expensive, or too limited.",IO-Link; IEC 61131-9,"Sub-ms to seconds, medium dependent",Small command/event payloads,"Local, device, cable, optical, acoustic, mechanical, facility, carrier, or physical-process footprint",Medium-High with engineered installation,"Physical security, link-layer security where supported, gateway authentication",Medium,Low-Medium hardware plus installation,Low-Medium hardware plus installation,"1-10,000 sensed physical points",Manufacturing; Packaging; Machine builders,Point-to-point sensor/actuator commands through IO-Link masters.,"Broadens migration options beyond PSTN and classic PBX lines; Can be selected by site constraints, latency, and available infrastructure; Integrates with gateways, edge controllers, or automation middleware",Requires validation against local device support and regulations; Operational tooling and monitoring differ by protocol; May need a gateway layer to connect with PBX or UCaaS events,IO-Link; IEC 61131-9,https://io-link.com/en/Technology/what_is_IO-Link.php
1-Wire control bus,non_web,serial_wire,"1-Wire control bus as an alternative trigger or command path when PSTN line signaling is unavailable, expensive, or too limited.",1-Wire,"Sub-ms to seconds, medium dependent",Small command/event payloads,"Local, device, cable, optical, acoustic, mechanical, facility, carrier, or physical-process footprint",Medium-High with engineered installation,"Physical security, link-layer security where supported, gateway authentication",Medium,Low-Medium hardware plus installation,Low-Medium hardware plus installation,"1-10,000 sensed physical points",Facilities; Labs; Low-cost monitoring,Very low-cost single-wire sensor and switch control.,"Broadens migration options beyond PSTN and classic PBX lines; Can be selected by site constraints, latency, and available infrastructure; Integrates with gateways, edge controllers, or automation middleware",Requires validation against local device support and regulations; Operational tooling and monitoring differ by protocol; May need a gateway layer to connect with PBX or UCaaS events,1-Wire,https://www.analog.com/en/resources/technical-articles/guide-to-1wire-communication.html
I2C local device bus,non_web,board_bus,"I2C local device bus as an alternative trigger or command path when PSTN line signaling is unavailable, expensive, or too limited.",I2C,"Sub-ms to seconds, medium dependent",Small command/event payloads,"Local, device, cable, optical, acoustic, mechanical, facility, carrier, or physical-process footprint",Medium-High with engineered installation,"Physical security, link-layer security where supported, gateway authentication",Medium,Low-Medium hardware plus installation,Low-Medium hardware plus installation,"5-5,000 devices",Embedded systems; Kiosks; Edge gateways,Local microcontroller bus controls nearby I/O expanders.,"Broadens migration options beyond PSTN and classic PBX lines; Can be selected by site constraints, latency, and available infrastructure; Integrates with gateways, edge controllers, or automation middleware",Requires validation against local device support and regulations; Operational tooling and monitoring differ by protocol; May need a gateway layer to connect with PBX or UCaaS events,I2C,https://www.nxp.com/docs/en/user-guide/UM10204.pdf
SPI local device bus,non_web,board_bus,"SPI local device bus as an alternative trigger or command path when PSTN line signaling is unavailable, expensive, or too limited.",SPI,"Sub-ms to seconds, medium dependent",Small command/event payloads,"Local, device, cable, optical, acoustic, mechanical, facility, carrier, or physical-process footprint",Medium-High with engineered installation,"Physical security, link-layer security where supported, gateway authentication",Medium,Low-Medium hardware plus installation,Low-Medium hardware plus installation,1-256 local I/O points,Embedded systems; Industrial gateways; Hardware products,Fast board-level bus controls local peripherals and relays.,"Broadens migration options beyond PSTN and classic PBX lines; Can be selected by site constraints, latency, and available infrastructure; Integrates with gateways, edge controllers, or automation middleware",Requires validation against local device support and regulations; Operational tooling and monitoring differ by protocol; May need a gateway layer to connect with PBX or UCaaS events,SPI,https://developer.arm.com/documentation/102159/0100/Serial-Peripheral-Interface--SPI-
GPIO direct digital output,non_web,electrical_contact,"GPIO direct digital output as an alternative trigger or command path when PSTN line signaling is unavailable, expensive, or too limited.",GPIO,"Sub-ms to seconds, medium dependent",Small command/event payloads,"Local, device, cable, optical, acoustic, mechanical, facility, carrier, or physical-process footprint",Medium-High with engineered installation,"Physical security, link-layer security where supported, gateway authentication",Medium,Low-Medium hardware plus installation,Low-Medium hardware plus installation,1-256 local I/O points,Facilities; Kiosks; Industrial gateways,Controller toggles a digital pin wired to an opto-isolated input.,"Broadens migration options beyond PSTN and classic PBX lines; Can be selected by site constraints, latency, and available infrastructure; Integrates with gateways, edge controllers, or automation middleware",Requires validation against local device support and regulations; Operational tooling and monitoring differ by protocol; May need a gateway layer to connect with PBX or UCaaS events,GPIO,https://www.raspberrypi.com/documentation/computers/raspberry-pi.html
Open collector / open drain output,non_web,electrical_contact,"Open collector / open drain output as an alternative trigger or command path when PSTN line signaling is unavailable, expensive, or too limited.",Open collector; Open drain,"Sub-ms to seconds, medium dependent",Small command/event payloads,"Local, device, cable, optical, acoustic, mechanical, facility, carrier, or physical-process footprint",Medium-High with engineered installation,"Physical security, link-layer security where supported, gateway authentication",Medium,Low-Medium hardware plus installation,Low-Medium hardware plus installation,1-256 local I/O points,Security; Alarms; Legacy equipment,"Sink-output interface triggers alarms, buzzers, and relay boards.","Broadens migration options beyond PSTN and classic PBX lines; Can be selected by site constraints, latency, and available infrastructure; Integrates with gateways, edge controllers, or automation middleware",Requires validation against local device support and regulations; Operational tooling and monitoring differ by protocol; May need a gateway layer to connect with PBX or UCaaS events,Open collector; Open drain,https://en.wikipedia.org/wiki/Open_collector
Wiegand access-control interface,non_web,access_control,"Wiegand access-control interface as an alternative trigger or command path when PSTN line signaling is unavailable, expensive, or too limited.",Wiegand,"Sub-ms to seconds, medium dependent",Small command/event payloads,"Local, device, cable, optical, acoustic, mechanical, facility, carrier, or physical-process footprint",Medium-High with engineered installation,"Physical security, link-layer security where supported, gateway authentication",Medium,Low-Medium hardware plus installation,Low-Medium hardware plus installation,"5-5,000 devices",Access control; Facilities; Healthcare,Access-control gateway bridges PBX events to door controllers.,"Broadens migration options beyond PSTN and classic PBX lines; Can be selected by site constraints, latency, and available infrastructure; Integrates with gateways, edge controllers, or automation middleware",Requires validation against local device support and regulations; Operational tooling and monitoring differ by protocol; May need a gateway layer to connect with PBX or UCaaS events,Wiegand,https://www.securityindustry.org/industry-standards/open-supervised-device-protocol/
OSDP secure access control,non_web,access_control,"OSDP secure access control as an alternative trigger or command path when PSTN line signaling is unavailable, expensive, or too limited.",OSDP; RS-485; AES,"Sub-ms to seconds, medium dependent",Small command/event payloads,"Local, device, cable, optical, acoustic, mechanical, facility, carrier, or physical-process footprint",Medium-High with engineered installation,"Physical security, link-layer security where supported, gateway authentication",Medium,Low-Medium hardware plus installation,Low-Medium hardware plus installation,1-256 local I/O points,Access control; Government; Enterprise,Supervised encrypted RS-485 protocol for readers and doors.,"Broadens migration options beyond PSTN and classic PBX lines; Can be selected by site constraints, latency, and available infrastructure; Integrates with gateways, edge controllers, or automation middleware",Requires validation against local device support and regulations; Operational tooling and monitoring differ by protocol; May need a gateway layer to connect with PBX or UCaaS events,OSDP; RS-485; AES,https://www.securityindustry.org/industry-standards/open-supervised-device-protocol/
Alarm Contact ID over IP gateway,web,ethernet_ip,"Alarm Contact ID over IP gateway as an alternative trigger or command path when PSTN line signaling is unavailable, expensive, or too limited.",SIA DC-09; Contact ID,"<50ms on LAN, WAN dependent",Small command/event payloads,IP routed,High with retries and monitoring,"TLS/mTLS, signed payloads, RBAC, network segmentation",Medium,Low-Medium,Low-Medium,1-256 local I/O points,Security; Monitoring centers; Facilities,Alarm events are translated into IP receiver messages.,"Broadens migration options beyond PSTN and classic PBX lines; Can be selected by site constraints, latency, and available infrastructure; Integrates with gateways, edge controllers, or automation middleware",Requires validation against local device support and regulations; Operational tooling and monitoring differ by protocol; May need a gateway layer to connect with PBX or UCaaS events,SIA DC-09; Contact ID,https://www.siaonline.org/what-we-do/standards/
SIA DC-09 alarm signaling,web,ethernet_ip,"SIA DC-09 alarm signaling as an alternative trigger or command path when PSTN line signaling is unavailable, expensive, or too limited.",SIA DC-09; TCP; UDP,"<50ms on LAN, WAN dependent",Small command/event payloads,IP routed,High with retries and monitoring,"TLS/mTLS, signed payloads, RBAC, network segmentation",Medium,Low-Medium,Low-Medium,"5-5,000 devices",Security; Insurance; Monitoring centers,Standardized alarm-over-IP path replaces dial-up alarm lines.,"Broadens migration options beyond PSTN and classic PBX lines; Can be selected by site constraints, latency, and available infrastructure; Integrates with gateways, edge controllers, or automation middleware",Requires validation against local device support and regulations; Operational tooling and monitoring differ by protocol; May need a gateway layer to connect with PBX or UCaaS events,SIA DC-09; TCP; UDP,https://www.siaonline.org/what-we-do/standards/
CAP common alerting protocol,web,ethernet_ip,"CAP common alerting protocol as an alternative trigger or command path when PSTN line signaling is unavailable, expensive, or too limited.",CAP; XML; HTTPS,"<50ms on LAN, WAN dependent",Small command/event payloads,IP routed,High with retries and monitoring,"TLS/mTLS, signed payloads, RBAC, network segmentation",Medium,Low-Medium,Low-Medium,"5-5,000 devices",Public safety; Government; Campuses,"Emergency alerts fan out to sirens, paging, and displays.","Broadens migration options beyond PSTN and classic PBX lines; Can be selected by site constraints, latency, and available infrastructure; Integrates with gateways, edge controllers, or automation middleware",Requires validation against local device support and regulations; Operational tooling and monitoring differ by protocol; May need a gateway layer to connect with PBX or UCaaS events,CAP; XML; HTTPS,https://docs.oasis-open.org/emergency/cap/v1.2/CAP-v1.2-os.html
EAS / SAME alert relay,non_web,radio_broadcast,"EAS / SAME alert relay as an alternative trigger or command path when PSTN line signaling is unavailable, expensive, or too limited.",SAME; EAS,"Sub-ms to seconds, medium dependent",Small command/event payloads,"Local, device, cable, optical, acoustic, mechanical, facility, carrier, or physical-process footprint",Medium-High with engineered installation,"Physical security, link-layer security where supported, gateway authentication",Medium,Low-Medium hardware plus installation,Low-Medium hardware plus installation,1-256 local I/O points,Public safety; Broadcast; Campuses,Broadcast alert codes trigger local warning equipment.,"Broadens migration options beyond PSTN and classic PBX lines; Can be selected by site constraints, latency, and available infrastructure; Integrates with gateways, edge controllers, or automation middleware",Requires validation against local device support and regulations; Operational tooling and monitoring differ by protocol; May need a gateway layer to connect with PBX or UCaaS events,SAME; EAS,https://www.weather.gov/nwr/same
POCSAG paging,non_web,radio_paging,"POCSAG paging as an alternative trigger or command path when PSTN line signaling is unavailable, expensive, or too limited.",POCSAG,"Sub-ms to seconds, medium dependent",Small command/event payloads,"Local, device, cable, optical, acoustic, mechanical, facility, carrier, or physical-process footprint",Medium-High with engineered installation,"Physical security, link-layer security where supported, gateway authentication",Medium,Low-Medium hardware plus installation,Low-Medium hardware plus installation,"5-5,000 devices",Healthcare; Public safety; Hospitality,One-way paging messages activate staff or device workflows.,"Broadens migration options beyond PSTN and classic PBX lines; Can be selected by site constraints, latency, and available infrastructure; Integrates with gateways, edge controllers, or automation middleware",Requires validation against local device support and regulations; Operational tooling and monitoring differ by protocol; May need a gateway layer to connect with PBX or UCaaS events,POCSAG,https://www.etsi.org/deliver/etsi_en/300200_300299/300224/
FLEX paging,non_web,radio_paging,"FLEX paging as an alternative trigger or command path when PSTN line signaling is unavailable, expensive, or too limited.",FLEX,"Sub-ms to seconds, medium dependent",Small command/event payloads,"Local, device, cable, optical, acoustic, mechanical, facility, carrier, or physical-process footprint",Medium-High with engineered installation,"Physical security, link-layer security where supported, gateway authentication",Medium,Low-Medium hardware plus installation,Low-Medium hardware plus installation,"5-5,000 devices",Healthcare; Public safety; Industrial sites,High-capacity paging protocol for one-way alert command paths.,"Broadens migration options beyond PSTN and classic PBX lines; Can be selected by site constraints, latency, and available infrastructure; Integrates with gateways, edge controllers, or automation middleware",Requires validation against local device support and regulations; Operational tooling and monitoring differ by protocol; May need a gateway layer to connect with PBX or UCaaS events,FLEX,https://www.etsi.org/
TETRA SDS messaging,non_web,licensed_radio,"TETRA SDS messaging as an alternative trigger or command path when PSTN line signaling is unavailable, expensive, or too limited.",TETRA; SDS,"Sub-ms to seconds, medium dependent",Small command/event payloads,"Local, device, cable, optical, acoustic, mechanical, facility, carrier, or physical-process footprint",Medium-High with engineered installation,"Physical security, link-layer security where supported, gateway authentication",Medium,Low-Medium hardware plus installation,Low-Medium hardware plus installation,"5-5,000 devices",Public safety; Utilities; Transportation,Mission-critical radio short data service sends commands.,"Broadens migration options beyond PSTN and classic PBX lines; Can be selected by site constraints, latency, and available infrastructure; Integrates with gateways, edge controllers, or automation middleware",Requires validation against local device support and regulations; Operational tooling and monitoring differ by protocol; May need a gateway layer to connect with PBX or UCaaS events,TETRA; SDS,https://www.etsi.org/technologies/tetra
DMR data / text messaging,non_web,licensed_radio,"DMR data / text messaging as an alternative trigger or command path when PSTN line signaling is unavailable, expensive, or too limited.",DMR; ETSI TS 102 361,"Sub-ms to seconds, medium dependent",Small command/event payloads,"Local, device, cable, optical, acoustic, mechanical, facility, carrier, or physical-process footprint",Medium-High with engineered installation,"Physical security, link-layer security where supported, gateway authentication",Medium,Low-Medium hardware plus installation,Low-Medium hardware plus installation,"5-5,000 devices",Security; Facilities; Utilities,Digital mobile radio data packets command remote units.,"Broadens migration options beyond PSTN and classic PBX lines; Can be selected by site constraints, latency, and available infrastructure; Integrates with gateways, edge controllers, or automation middleware",Requires validation against local device support and regulations; Operational tooling and monitoring differ by protocol; May need a gateway layer to connect with PBX or UCaaS events,DMR; ETSI TS 102 361,https://www.etsi.org/technologies/digital-mobile-radio
P25 data messaging,non_web,licensed_radio,"P25 data messaging as an alternative trigger or command path when PSTN line signaling is unavailable, expensive, or too limited.",Project 25; P25,"Sub-ms to seconds, medium dependent",Small command/event payloads,"Local, device, cable, optical, acoustic, mechanical, facility, carrier, or physical-process footprint",Medium-High with engineered installation,"Physical security, link-layer security where supported, gateway authentication",Medium,Low-Medium hardware plus installation,Low-Medium hardware plus installation,"5-5,000 devices",Public safety; Government; Utilities,Public-safety radio data path for critical control messages.,"Broadens migration options beyond PSTN and classic PBX lines; Can be selected by site constraints, latency, and available infrastructure; Integrates with gateways, edge controllers, or automation middleware",Requires validation against local device support and regulations; Operational tooling and monitoring differ by protocol; May need a gateway layer to connect with PBX or UCaaS events,Project 25; P25,https://www.apcointl.org/spectrum-management/p25/
Wi-SUN FAN,non_web,radio_subghz_mesh,"Wi-SUN FAN as an alternative trigger or command path when PSTN line signaling is unavailable, expensive, or too limited.",Wi-SUN; IPv6; 6LoWPAN,"Sub-ms to seconds, medium dependent",Small command/event payloads,"Local, device, cable, optical, acoustic, mechanical, facility, carrier, or physical-process footprint",Medium-High with engineered installation,"Physical security, link-layer security where supported, gateway authentication",Medium,Low-Medium hardware plus installation,Low-Medium hardware plus installation,"5-5,000 devices",Utilities; Smart city; Street lighting,Utility-grade sub-GHz IPv6 mesh for field devices.,"Broadens migration options beyond PSTN and classic PBX lines; Can be selected by site constraints, latency, and available infrastructure; Integrates with gateways, edge controllers, or automation middleware",Requires validation against local device support and regulations; Operational tooling and monitoring differ by protocol; May need a gateway layer to connect with PBX or UCaaS events,Wi-SUN; IPv6; 6LoWPAN,https://wi-sun.org/technology/
6LoWPAN mesh,non_web,radio_802_15_4,"6LoWPAN mesh as an alternative trigger or command path when PSTN line signaling is unavailable, expensive, or too limited.",6LoWPAN; IPv6,"Sub-ms to seconds, medium dependent",Small command/event payloads,"Local, device, cable, optical, acoustic, mechanical, facility, carrier, or physical-process footprint",Medium-High with engineered installation,"Physical security, link-layer security where supported, gateway authentication",Medium,Low-Medium hardware plus installation,Low-Medium hardware plus installation,"5-5,000 devices",IoT; Smart building; Agriculture,IPv6 packets run over low-power IEEE 802.15.4 mesh.,"Broadens migration options beyond PSTN and classic PBX lines; Can be selected by site constraints, latency, and available infrastructure; Integrates with gateways, edge controllers, or automation middleware",Requires validation against local device support and regulations; Operational tooling and monitoring differ by protocol; May need a gateway layer to connect with PBX or UCaaS events,6LoWPAN; IPv6,https://www.rfc-editor.org/rfc/rfc4944
Wireless M-Bus,non_web,radio_subghz,"Wireless M-Bus as an alternative trigger or command path when PSTN line signaling is unavailable, expensive, or too limited.",Wireless M-Bus; EN 13757,"Sub-ms to seconds, medium dependent",Small command/event payloads,"Local, device, cable, optical, acoustic, mechanical, facility, carrier, or physical-process footprint",Medium-High with engineered installation,"Physical security, link-layer security where supported, gateway authentication",Medium,Low-Medium hardware plus installation,Low-Medium hardware plus installation,"5-5,000 devices",Utilities; Smart metering; Facilities,Metering radio protocol for utility and building telemetry.,"Broadens migration options beyond PSTN and classic PBX lines; Can be selected by site constraints, latency, and available infrastructure; Integrates with gateways, edge controllers, or automation middleware",Requires validation against local device support and regulations; Operational tooling and monitoring differ by protocol; May need a gateway layer to connect with PBX or UCaaS events,Wireless M-Bus; EN 13757,https://www.oms-group.org/en/about-oms/technology/
Sigfox / ultra-narrowband IoT,non_web,radio_unb,"Sigfox / ultra-narrowband IoT as an alternative trigger or command path when PSTN line signaling is unavailable, expensive, or too limited.",Sigfox; UNB,"Sub-ms to seconds, medium dependent",Small command/event payloads,"Local, device, cable, optical, acoustic, mechanical, facility, carrier, or physical-process footprint",Medium-High with engineered installation,"Physical security, link-layer security where supported, gateway authentication",Medium,Low-Medium hardware plus installation,Low-Medium hardware plus installation,"5-5,000 devices",Logistics; Agriculture; Asset tracking,Ultra-narrowband low-power messages for simple remote triggers.,"Broadens migration options beyond PSTN and classic PBX lines; Can be selected by site constraints, latency, and available infrastructure; Integrates with gateways, edge controllers, or automation middleware",Requires validation against local device support and regulations; Operational tooling and monitoring differ by protocol; May need a gateway layer to connect with PBX or UCaaS events,Sigfox; UNB,https://build.sigfox.com/
Mioty telegram splitting,non_web,radio_lpwans,"Mioty telegram splitting as an alternative trigger or command path when PSTN line signaling is unavailable, expensive, or too limited.",mioty; TS-UNB,"Sub-ms to seconds, medium dependent",Small command/event payloads,"Local, device, cable, optical, acoustic, mechanical, facility, carrier, or physical-process footprint",Medium-High with engineered installation,"Physical security, link-layer security where supported, gateway authentication",Medium,Low-Medium hardware plus installation,Low-Medium hardware plus installation,"5-5,000 devices",Industrial IoT; Utilities; Smart city,Robust LPWAN telegram splitting for dense industrial sensing.,"Broadens migration options beyond PSTN and classic PBX lines; Can be selected by site constraints, latency, and available infrastructure; Integrates with gateways, edge controllers, or automation middleware",Requires validation against local device support and regulations; Operational tooling and monitoring differ by protocol; May need a gateway layer to connect with PBX or UCaaS events,mioty; TS-UNB,https://mioty-alliance.com/technology/
DECT-ULE,non_web,radio_dect,"DECT-ULE as an alternative trigger or command path when PSTN line signaling is unavailable, expensive, or too limited.",DECT-ULE,"Sub-ms to seconds, medium dependent",Small command/event payloads,"Local, device, cable, optical, acoustic, mechanical, facility, carrier, or physical-process footprint",Medium-High with engineered installation,"Physical security, link-layer security where supported, gateway authentication",Medium,Low-Medium hardware plus installation,Low-Medium hardware plus installation,"5-5,000 devices",Smart building; Healthcare; Hospitality,Low-power DECT-based building device control.,"Broadens migration options beyond PSTN and classic PBX lines; Can be selected by site constraints, latency, and available infrastructure; Integrates with gateways, edge controllers, or automation middleware",Requires validation against local device support and regulations; Operational tooling and monitoring differ by protocol; May need a gateway layer to connect with PBX or UCaaS events,DECT-ULE,https://www.ulealliance.org/
Wi-Fi Aware / NAN,non_web,wifi_direct,"Wi-Fi Aware / NAN as an alternative trigger or command path when PSTN line signaling is unavailable, expensive, or too limited.",Wi-Fi Aware; NAN,"Sub-ms to seconds, medium dependent",Small command/event payloads,"Local, device, cable, optical, acoustic, mechanical, facility, carrier, or physical-process footprint",Medium-High with engineered installation,"Physical security, link-layer security where supported, gateway authentication",Medium,Low-Medium hardware plus installation,Low-Medium hardware plus installation,"5-5,000 devices",Retail; Facilities; Mobile workflows,Nearby devices discover and command each other without AP setup.,"Broadens migration options beyond PSTN and classic PBX lines; Can be selected by site constraints, latency, and available infrastructure; Integrates with gateways, edge controllers, or automation middleware",Requires validation against local device support and regulations; Operational tooling and monitoring differ by protocol; May need a gateway layer to connect with PBX or UCaaS events,Wi-Fi Aware; NAN,https://www.wi-fi.org/discover-wi-fi/wi-fi-aware
Wi-Fi Direct,non_web,wifi_direct,"Wi-Fi Direct as an alternative trigger or command path when PSTN line signaling is unavailable, expensive, or too limited.",Wi-Fi Direct,"Sub-ms to seconds, medium dependent",Small command/event payloads,"Local, device, cable, optical, acoustic, mechanical, facility, carrier, or physical-process footprint",Medium-High with engineered installation,"Physical security, link-layer security where supported, gateway authentication",Medium,Low-Medium hardware plus installation,Low-Medium hardware plus installation,"5-5,000 devices",Kiosks; Field service; Facilities,Peer-to-peer Wi-Fi link for local command panels.,"Broadens migration options beyond PSTN and classic PBX lines; Can be selected by site constraints, latency, and available infrastructure; Integrates with gateways, edge controllers, or automation middleware",Requires validation against local device support and regulations; Operational tooling and monitoring differ by protocol; May need a gateway layer to connect with PBX or UCaaS events,Wi-Fi Direct,https://www.wi-fi.org/discover-wi-fi/wi-fi-direct
NFC tap trigger,non_web,near_field,"NFC tap trigger as an alternative trigger or command path when PSTN line signaling is unavailable, expensive, or too limited.",NFC; ISO 14443,"Sub-ms to seconds, medium dependent",Small command/event payloads,"Local, device, cable, optical, acoustic, mechanical, facility, carrier, or physical-process footprint",Medium-High with engineered installation,"Physical security, link-layer security where supported, gateway authentication",Medium,Low-Medium hardware plus installation,Low-Medium hardware plus installation,"5-5,000 devices",Access control; Retail; Field service,Phone or tag tap starts authenticated local command workflow.,"Broadens migration options beyond PSTN and classic PBX lines; Can be selected by site constraints, latency, and available infrastructure; Integrates with gateways, edge controllers, or automation middleware",Requires validation against local device support and regulations; Operational tooling and monitoring differ by protocol; May need a gateway layer to connect with PBX or UCaaS events,NFC; ISO 14443,https://nfc-forum.org/learn/specifications/
RFID reader event trigger,non_web,near_field,"RFID reader event trigger as an alternative trigger or command path when PSTN line signaling is unavailable, expensive, or too limited.",RFID; EPC Gen2,"Sub-ms to seconds, medium dependent",Small command/event payloads,"Local, device, cable, optical, acoustic, mechanical, facility, carrier, or physical-process footprint",Medium-High with engineered installation,"Physical security, link-layer security where supported, gateway authentication",Medium,Low-Medium hardware plus installation,Low-Medium hardware plus installation,"5-5,000 devices",Logistics; Warehousing; Retail,"Reader events trigger doors, conveyors, or call workflows.","Broadens migration options beyond PSTN and classic PBX lines; Can be selected by site constraints, latency, and available infrastructure; Integrates with gateways, edge controllers, or automation middleware",Requires validation against local device support and regulations; Operational tooling and monitoring differ by protocol; May need a gateway layer to connect with PBX or UCaaS events,RFID; EPC Gen2,https://www.gs1.org/standards/epc-rfid
UWB ranging trigger,non_web,radio_uwb,"UWB ranging trigger as an alternative trigger or command path when PSTN line signaling is unavailable, expensive, or too limited.",UWB; IEEE 802.15.4z,"Sub-ms to seconds, medium dependent",Small command/event payloads,"Local, device, cable, optical, acoustic, mechanical, facility, carrier, or physical-process footprint",Medium-High with engineered installation,"Physical security, link-layer security where supported, gateway authentication",Medium,Low-Medium hardware plus installation,Low-Medium hardware plus installation,"5-5,000 devices",Healthcare; Warehousing; Secure access,Precise location/ranging events trigger local actions.,"Broadens migration options beyond PSTN and classic PBX lines; Can be selected by site constraints, latency, and available infrastructure; Integrates with gateways, edge controllers, or automation middleware",Requires validation against local device support and regulations; Operational tooling and monitoring differ by protocol; May need a gateway layer to connect with PBX or UCaaS events,UWB; IEEE 802.15.4z,https://www.firaconsortium.org/discover/specifications
GNSS geofence trigger,non_web,satellite_navigation,"GNSS geofence trigger as an alternative trigger or command path when PSTN line signaling is unavailable, expensive, or too limited.",GNSS; GPS,"Sub-ms to seconds, medium dependent",Small command/event payloads,"Local, device, cable, optical, acoustic, mechanical, facility, carrier, or physical-process footprint",Medium-High with engineered installation,"Physical security, link-layer security where supported, gateway authentication",Medium,Low-Medium hardware plus installation,Low-Medium hardware plus installation; high engineering/infrastructure,"100-100,000 remote devices",Fleet; Logistics; Field service,Device position crossing a geofence initiates command workflows.,"Broadens migration options beyond PSTN and classic PBX lines; Can be selected by site constraints, latency, and available infrastructure; Integrates with gateways, edge controllers, or automation middleware",Requires validation against local device support and regulations; Operational tooling and monitoring differ by protocol; May need a gateway layer to connect with PBX or UCaaS events,GNSS; GPS,https://www.gps.gov/systems/gps/
Cell broadcast command alert,non_web,cellular_broadcast,"Cell broadcast command alert as an alternative trigger or command path when PSTN line signaling is unavailable, expensive, or too limited.",Cell Broadcast; 3GPP,"Sub-ms to seconds, medium dependent",Small command/event payloads,"Local, device, cable, optical, acoustic, mechanical, facility, carrier, or physical-process footprint",Medium-High with engineered installation,"Physical security, link-layer security where supported, gateway authentication",Medium,Low-Medium hardware plus installation,Low-Medium hardware plus installation; subscription or message/device fees,"100-100,000 remote devices",Public safety; Telecom; Critical alerts,One-to-many cellular broadcast reaches many devices in an area.,"Broadens migration options beyond PSTN and classic PBX lines; Can be selected by site constraints, latency, and available infrastructure; Integrates with gateways, edge controllers, or automation middleware",Requires validation against local device support and regulations; Operational tooling and monitoring differ by protocol; May need a gateway layer to connect with PBX or UCaaS events,Cell Broadcast; 3GPP,https://www.3gpp.org/specifications-technologies/specifications-by-series
USSD session command,non_web,cellular,"USSD session command as an alternative trigger or command path when PSTN line signaling is unavailable, expensive, or too limited.",USSD; GSM,"Sub-ms to seconds, medium dependent",Small command/event payloads,"Local, device, cable, optical, acoustic, mechanical, facility, carrier, or physical-process footprint",Medium-High with engineered installation,"Physical security, link-layer security where supported, gateway authentication",Medium,Low-Medium hardware plus installation,Low-Medium hardware plus installation; subscription or message/device fees,"100-100,000 remote devices",Telecom; Field operations; Emerging markets,Interactive carrier session carries short command choices.,"Broadens migration options beyond PSTN and classic PBX lines; Can be selected by site constraints, latency, and available infrastructure; Integrates with gateways, edge controllers, or automation middleware",Requires validation against local device support and regulations; Operational tooling and monitoring differ by protocol; May need a gateway layer to connect with PBX or UCaaS events,USSD; GSM,https://www.3gpp.org/
IMS data channel,web,cellular_ip,"IMS data channel as an alternative trigger or command path when PSTN line signaling is unavailable, expensive, or too limited.",IMS; RCS; SIP,"<50ms on LAN, WAN dependent",Small command/event payloads,IP routed,High with retries and monitoring,"TLS/mTLS, signed payloads, RBAC, network segmentation",Medium,Low-Medium,Low-Medium; subscription or message/device fees,"100-100,000 remote devices",Telecom; Contact center; Consumer services,Carrier IMS/RCS channel carries rich command interactions.,"Broadens migration options beyond PSTN and classic PBX lines; Can be selected by site constraints, latency, and available infrastructure; Integrates with gateways, edge controllers, or automation middleware",Requires validation against local device support and regulations; Operational tooling and monitoring differ by protocol; May need a gateway layer to connect with PBX or UCaaS events,IMS; RCS; SIP,https://www.gsma.com/solutions-and-impact/technologies/networks/rcs/
RCS business messaging trigger,web,cellular_ip,"RCS business messaging trigger as an alternative trigger or command path when PSTN line signaling is unavailable, expensive, or too limited.",RCS; RBM,"<50ms on LAN, WAN dependent",Small command/event payloads,IP routed,High with retries and monitoring,"TLS/mTLS, signed payloads, RBAC, network segmentation",Medium,Low-Medium,Low-Medium; subscription or message/device fees,"100-100,000 remote devices",Retail; Contact center; Field service,Verified business messages trigger workflows via rich actions.,"Broadens migration options beyond PSTN and classic PBX lines; Can be selected by site constraints, latency, and available infrastructure; Integrates with gateways, edge controllers, or automation middleware",Requires validation against local device support and regulations; Operational tooling and monitoring differ by protocol; May need a gateway layer to connect with PBX or UCaaS events,RCS; RBM,https://www.gsma.com/solutions-and-impact/technologies/networks/rcs/
Email-to-command parser,web,internet_mail,"Email-to-command parser as an alternative trigger or command path when PSTN line signaling is unavailable, expensive, or too limited.",SMTP; IMAP; DKIM,"<50ms on LAN, WAN dependent",Small command/event payloads,IP routed,High with retries and monitoring,"TLS/mTLS, signed payloads, RBAC, network segmentation",Medium,Low-Medium,Low-Medium,"5-5,000 devices",SMB; Facilities; Maintenance,Signed email messages are parsed into low-urgency commands.,"Broadens migration options beyond PSTN and classic PBX lines; Can be selected by site constraints, latency, and available infrastructure; Integrates with gateways, edge controllers, or automation middleware",Requires validation against local device support and regulations; Operational tooling and monitoring differ by protocol; May need a gateway layer to connect with PBX or UCaaS events,SMTP; IMAP; DKIM,https://www.rfc-editor.org/rfc/rfc5321
SFTP drop-file command,web,ethernet_ip,"SFTP drop-file command as an alternative trigger or command path when PSTN line signaling is unavailable, expensive, or too limited.",SFTP; SSH,"<50ms on LAN, WAN dependent",Small command/event payloads,IP routed,High with retries and monitoring,"TLS/mTLS, signed payloads, RBAC, network segmentation",Medium,Low-Medium,Low-Medium,"5-5,000 devices",Manufacturing; Finance; Legacy integration,A watched secure file drop converts batch files into commands.,"Broadens migration options beyond PSTN and classic PBX lines; Can be selected by site constraints, latency, and available infrastructure; Integrates with gateways, edge controllers, or automation middleware",Requires validation against local device support and regulations; Operational tooling and monitoring differ by protocol; May need a gateway layer to connect with PBX or UCaaS events,SFTP; SSH,https://www.openssh.com/manual.html
MQTT over WebSocket,web,ethernet_ip,"MQTT over WebSocket as an alternative trigger or command path when PSTN line signaling is unavailable, expensive, or too limited.",MQTT; WebSocket,"<50ms on LAN, WAN dependent",Small command/event payloads,IP routed,High with retries and monitoring,"TLS/mTLS, signed payloads, RBAC, network segmentation",Medium,Low-Medium,Low-Medium; platform/broker plus usage,"100-1,000,000 endpoints/events",IoT; SaaS; Smart building,Browser/cloud friendly MQTT transport over standard web ports.,"Broadens migration options beyond PSTN and classic PBX lines; Can be selected by site constraints, latency, and available infrastructure; Integrates with gateways, edge controllers, or automation middleware",Requires validation against local device support and regulations; Operational tooling and monitoring differ by protocol; May need a gateway layer to connect with PBX or UCaaS events,MQTT; WebSocket,https://mqtt.org/
OPC UA PubSub over MQTT,web,ethernet_ip,"OPC UA PubSub over MQTT as an alternative trigger or command path when PSTN line signaling is unavailable, expensive, or too limited.",OPC UA PubSub; MQTT,"<50ms on LAN, WAN dependent",Small command/event payloads,IP routed,High with retries and monitoring,"TLS/mTLS, signed payloads, RBAC, network segmentation",Medium,Low-Medium,Low-Medium; platform/broker plus usage,"10-10,000 industrial points",Manufacturing; Industrial IoT; Utilities,Industrial semantic messages ride MQTT brokers.,"Broadens migration options beyond PSTN and classic PBX lines; Can be selected by site constraints, latency, and available infrastructure; Integrates with gateways, edge controllers, or automation middleware",Requires validation against local device support and regulations; Operational tooling and monitoring differ by protocol; May need a gateway layer to connect with PBX or UCaaS events,OPC UA PubSub; MQTT,https://opcfoundation.org/about/opc-technologies/opc-ua/
Digital input over IP I/O module,web,ethernet_ip,"Digital input over IP I/O module as an alternative trigger or command path when PSTN line signaling is unavailable, expensive, or too limited.",HTTP; Modbus TCP; SNMP,"<50ms on LAN, WAN dependent",Small command/event payloads,IP routed,High with retries and monitoring,"TLS/mTLS, signed payloads, RBAC, network segmentation",Medium,Low-Medium,Low-Medium,1-256 local I/O points,Facilities; Industrial automation; Retail,Network I/O module maps IP commands to relay outputs.,"Broadens migration options beyond PSTN and classic PBX lines; Can be selected by site constraints, latency, and available infrastructure; Integrates with gateways, edge controllers, or automation middleware",Requires validation against local device support and regulations; Operational tooling and monitoring differ by protocol; May need a gateway layer to connect with PBX or UCaaS events,HTTP; Modbus TCP; SNMP,https://www.moxa.com/en/products/industrial-edge-connectivity/controllers-and-ios/universal-controllers-and-i-os
USB HID control relay,non_web,usb,"USB HID control relay as an alternative trigger or command path when PSTN line signaling is unavailable, expensive, or too limited.",USB HID,"Sub-ms to seconds, medium dependent",Small command/event payloads,"Local, device, cable, optical, acoustic, mechanical, facility, carrier, or physical-process footprint",Medium-High with engineered installation,"Physical security, link-layer security where supported, gateway authentication",Medium,Low-Medium hardware plus installation,Low-Medium hardware plus installation,1-256 local I/O points,Kiosks; Labs; Prototyping,Host toggles USB relay as a local device command.,"Broadens migration options beyond PSTN and classic PBX lines; Can be selected by site constraints, latency, and available infrastructure; Integrates with gateways, edge controllers, or automation middleware",Requires validation against local device support and regulations; Operational tooling and monitoring differ by protocol; May need a gateway layer to connect with PBX or UCaaS events,USB HID,https://www.usb.org/hid
Serial RS-232 command,non_web,serial_wire,"Serial RS-232 command as an alternative trigger or command path when PSTN line signaling is unavailable, expensive, or too limited.",RS-232,"Sub-ms to seconds, medium dependent",Small command/event payloads,"Local, device, cable, optical, acoustic, mechanical, facility, carrier, or physical-process footprint",Medium-High with engineered installation,"Physical security, link-layer security where supported, gateway authentication",Medium,Low-Medium hardware plus installation,Low-Medium hardware plus installation,"5-5,000 devices",Hospitality; AV; Legacy facilities,Legacy equipment receives ASCII commands over serial.,"Broadens migration options beyond PSTN and classic PBX lines; Can be selected by site constraints, latency, and available infrastructure; Integrates with gateways, edge controllers, or automation middleware",Requires validation against local device support and regulations; Operational tooling and monitoring differ by protocol; May need a gateway layer to connect with PBX or UCaaS events,RS-232,https://tiaonline.org/what-we-do/standards/
HDMI-CEC device command,non_web,av_bus,"HDMI-CEC device command as an alternative trigger or command path when PSTN line signaling is unavailable, expensive, or too limited.",HDMI-CEC,"Sub-ms to seconds, medium dependent",Small command/event payloads,"Local, device, cable, optical, acoustic, mechanical, facility, carrier, or physical-process footprint",Medium-High with engineered installation,"Physical security, link-layer security where supported, gateway authentication",Medium,Low-Medium hardware plus installation,Low-Medium hardware plus installation,"5-5,000 devices",Hospitality; Meeting rooms; Digital signage,Telephony events control displays and AV equipment.,"Broadens migration options beyond PSTN and classic PBX lines; Can be selected by site constraints, latency, and available infrastructure; Integrates with gateways, edge controllers, or automation middleware",Requires validation against local device support and regulations; Operational tooling and monitoring differ by protocol; May need a gateway layer to connect with PBX or UCaaS events,HDMI-CEC,https://hdmi.org/spec/index
Infrared blaster,non_web,infrared,"Infrared blaster as an alternative trigger or command path when PSTN line signaling is unavailable, expensive, or too limited.",IR; NEC; RC-5,"Sub-ms to seconds, medium dependent",Small command/event payloads,"Local, device, cable, optical, acoustic, mechanical, facility, carrier, or physical-process footprint",Medium-High with engineered installation,"Physical security, link-layer security where supported, gateway authentication",Medium,Low-Medium hardware plus installation,Low-Medium hardware plus installation,"5-5,000 devices",Hospitality; AV; Retail,Gateway emits remote-control IR codes to legacy devices.,"Broadens migration options beyond PSTN and classic PBX lines; Can be selected by site constraints, latency, and available infrastructure; Integrates with gateways, edge controllers, or automation middleware",Requires validation against local device support and regulations; Operational tooling and monitoring differ by protocol; May need a gateway layer to connect with PBX or UCaaS events,IR; NEC; RC-5,https://en.wikipedia.org/wiki/Consumer_IR
Visible/audible tone sensor,non_web,sensor_trigger,"Visible/audible tone sensor as an alternative trigger or command path when PSTN line signaling is unavailable, expensive, or too limited.",Audio; Optical,"Sub-ms to seconds, medium dependent",Small command/event payloads,"Local, device, cable, optical, acoustic, mechanical, facility, carrier, or physical-process footprint",Medium-High with engineered installation,"Physical security, link-layer security where supported, gateway authentication",Medium,Low-Medium hardware plus installation,Low-Medium hardware plus installation,"1-10,000 sensed physical points",Legacy facilities; Safety retrofits; Maintenance,Sensor detects buzzer/light state and triggers integration.,"Broadens migration options beyond PSTN and classic PBX lines; Can be selected by site constraints, latency, and available infrastructure; Integrates with gateways, edge controllers, or automation middleware",Requires validation against local device support and regulations; Operational tooling and monitoring differ by protocol; May need a gateway layer to connect with PBX or UCaaS events,Audio; Optical,https://www.iso.org/standard/72361.html
Opto-isolated digital input,non_web,electrical_contact,"Opto-isolated digital input as an alternative trigger or command path when PSTN line signaling is unavailable, expensive, or too limited.",Optocoupler; Digital input,"Sub-ms to seconds, medium dependent",Small command/event payloads,"Local, device, cable, optical, acoustic, mechanical, facility, carrier, or physical-process footprint",Medium-High with engineered installation,"Physical security, link-layer security where supported, gateway authentication",Medium,Low-Medium hardware plus installation,Low-Medium hardware plus installation,1-256 local I/O points,Security; Facilities; Industrial automation,Electrically isolated input detects PBX gateway relay or alarm state.,"Broadens migration options beyond PSTN and classic PBX lines; Can be selected by site constraints, latency, and available infrastructure; Integrates with gateways, edge controllers, or automation middleware",Requires validation against local device support and regulations; Operational tooling and monitoring differ by protocol; May need a gateway layer to connect with PBX or UCaaS events,Optocoupler; Digital input,https://en.wikipedia.org/wiki/Opto-isolator
Solenoid actuator trigger,non_web,mechanical_actuation,"Solenoid actuator trigger as an alternative trigger or command path when PSTN line signaling is unavailable, expensive, or too limited.",Solenoid; Relay driver,"Sub-ms to seconds, medium dependent",Small command/event payloads,"Local, device, cable, optical, acoustic, mechanical, facility, carrier, or physical-process footprint",Medium-High with engineered installation,"Physical security, link-layer security where supported, gateway authentication",Medium,Low-Medium hardware plus installation,"Low-Medium hardware plus installation; hardware, fixture, or process-change cost","1-1,000 actuators or operator stations",Access control; Industrial automation; Facilities,"Electrical pulse moves a latch, valve, bell, or mechanical linkage.","Broadens migration options beyond PSTN and classic PBX lines; Can be selected by site constraints, latency, and available infrastructure; Integrates with gateways, edge controllers, or automation middleware",Requires validation against local device support and regulations; Operational tooling and monitoring differ by protocol; May need a gateway layer to connect with PBX or UCaaS events,Solenoid; Relay driver,https://en.wikipedia.org/wiki/Solenoid
Pneumatic actuator command,non_web,pneumatic,"Pneumatic actuator command as an alternative trigger or command path when PSTN line signaling is unavailable, expensive, or too limited.",Pneumatic valve; Solenoid valve,"Sub-ms to seconds, medium dependent",Small command/event payloads,"Local, device, cable, optical, acoustic, mechanical, facility, carrier, or physical-process footprint",Medium-High with engineered installation,"Physical security, link-layer security where supported, gateway authentication",Medium,Low-Medium hardware plus installation,"Low-Medium hardware plus installation; hardware, fixture, or process-change cost","1-1,000 actuators or operator stations",Manufacturing; Utilities; Safety systems,Air valve actuation replaces line-based remote switching where compressed air exists.,"Broadens migration options beyond PSTN and classic PBX lines; Can be selected by site constraints, latency, and available infrastructure; Integrates with gateways, edge controllers, or automation middleware",Requires validation against local device support and regulations; Operational tooling and monitoring differ by protocol; May need a gateway layer to connect with PBX or UCaaS events,Pneumatic valve; Solenoid valve,https://www.emerson.com/en/final-control/products/eim-ehp
Hydraulic actuator command,non_web,hydraulic,"Hydraulic actuator command as an alternative trigger or command path when PSTN line signaling is unavailable, expensive, or too limited.",Hydraulic valve; Solenoid valve,"Sub-ms to seconds, medium dependent",Small command/event payloads,"Local, device, cable, optical, acoustic, mechanical, facility, carrier, or physical-process footprint",Medium-High with engineered installation,"Physical security, link-layer security where supported, gateway authentication",Medium,Low-Medium hardware plus installation,"Low-Medium hardware plus installation; hardware, fixture, or process-change cost","1-1,000 actuators or operator stations",Industrial automation; Energy; Heavy equipment,Hydraulic valve command drives heavy equipment or doors from local control panels.,"Broadens migration options beyond PSTN and classic PBX lines; Can be selected by site constraints, latency, and available infrastructure; Integrates with gateways, edge controllers, or automation middleware",Requires validation against local device support and regulations; Operational tooling and monitoring differ by protocol; May need a gateway layer to connect with PBX or UCaaS events,Hydraulic valve; Solenoid valve,https://www.parker.com/us/en/divisions/hydraulic-valve-division.html
Optical fiber contact closure extender,non_web,optical_signal,"Optical fiber contact closure extender as an alternative trigger or command path when PSTN line signaling is unavailable, expensive, or too limited.",Fiber I/O; Optical isolation,"Sub-ms to seconds, medium dependent",Small command/event payloads,"Local, device, cable, optical, acoustic, mechanical, facility, carrier, or physical-process footprint",Medium-High with engineered installation,"Physical security, link-layer security where supported, gateway authentication",Medium,Low-Medium hardware plus installation,"Low-Medium hardware plus installation; hardware, fixture, or process-change cost",1-256 local I/O points,Utilities; Industrial automation; Campuses,Fiber extends isolated trigger signals across electrically noisy or lightning-prone sites.,"Broadens migration options beyond PSTN and classic PBX lines; Can be selected by site constraints, latency, and available infrastructure; Integrates with gateways, edge controllers, or automation middleware",Requires validation against local device support and regulations; Operational tooling and monitoring differ by protocol; May need a gateway layer to connect with PBX or UCaaS events,Fiber I/O; Optical isolation,https://www.moxa.com/en/products/industrial-edge-connectivity/serial-device-servers
Laser or photocell beam-break trigger,non_web,optical_signal,"Laser or photocell beam-break trigger as an alternative trigger or command path when PSTN line signaling is unavailable, expensive, or too limited.",Photoelectric sensor; Beam break,"Sub-ms to seconds, medium dependent",Small command/event payloads,"Local, device, cable, optical, acoustic, mechanical, facility, carrier, or physical-process footprint",Medium-High with engineered installation,"Physical security, link-layer security where supported, gateway authentication",Medium,Low-Medium hardware plus installation,"Low-Medium hardware plus installation; hardware, fixture, or process-change cost","1-10,000 sensed physical points",Security; Manufacturing; Access control,Light-beam interruption triggers local command or alarm logic.,"Broadens migration options beyond PSTN and classic PBX lines; Can be selected by site constraints, latency, and available infrastructure; Integrates with gateways, edge controllers, or automation middleware",Requires validation against local device support and regulations; Operational tooling and monitoring differ by protocol; May need a gateway layer to connect with PBX or UCaaS events,Photoelectric sensor; Beam break,https://www.bannerengineering.com/us/en/products/sensors/photoelectric-sensors.html
Stack-light or strobe sensor trigger,non_web,visual_signal,"Stack-light or strobe sensor trigger as an alternative trigger or command path when PSTN line signaling is unavailable, expensive, or too limited.",Photodiode; Light sensor,"Sub-ms to seconds, medium dependent",Small command/event payloads,"Local, device, cable, optical, acoustic, mechanical, facility, carrier, or physical-process footprint",Medium-High with engineered installation,"Physical security, link-layer security where supported, gateway authentication",Medium,Low-Medium hardware plus installation,Low-Medium hardware plus installation,"1-10,000 sensed physical points",Legacy facilities; Manufacturing; Maintenance,"Sensor watches stack lights, strobes, or indicators and converts them to commands.","Broadens migration options beyond PSTN and classic PBX lines; Can be selected by site constraints, latency, and available infrastructure; Integrates with gateways, edge controllers, or automation middleware",Requires validation against local device support and regulations; Operational tooling and monitoring differ by protocol; May need a gateway layer to connect with PBX or UCaaS events,Photodiode; Light sensor,https://www.analog.com/en/resources/technical-articles/photodiode-signal-conditioning.html
Acoustic siren or buzzer classifier,non_web,acoustic_signal,"Acoustic siren or buzzer classifier as an alternative trigger or command path when PSTN line signaling is unavailable, expensive, or too limited.",Microphone; DSP,"Sub-ms to seconds, medium dependent",Small command/event payloads,"Local, device, cable, optical, acoustic, mechanical, facility, carrier, or physical-process footprint",Medium-High with engineered installation,"Physical security, link-layer security where supported, gateway authentication",Medium,Low-Medium hardware plus installation,"Low-Medium hardware plus installation; hardware, fixture, or process-change cost","1-10,000 sensed physical points",Safety retrofits; Facilities; Healthcare,Microphone detects alarm patterns or tones from legacy equipment.,"Broadens migration options beyond PSTN and classic PBX lines; Can be selected by site constraints, latency, and available infrastructure; Integrates with gateways, edge controllers, or automation middleware",Requires validation against local device support and regulations; Operational tooling and monitoring differ by protocol; May need a gateway layer to connect with PBX or UCaaS events,Microphone; DSP,https://www.analog.com/en/resources/technical-articles/sensor-signal-chain-design-for-audio.html
Vibration or tamper sensor trigger,non_web,sensor_trigger,"Vibration or tamper sensor trigger as an alternative trigger or command path when PSTN line signaling is unavailable, expensive, or too limited.",Accelerometer; Piezo,"Sub-ms to seconds, medium dependent",Small command/event payloads,"Local, device, cable, optical, acoustic, mechanical, facility, carrier, or physical-process footprint",Medium-High with engineered installation,"Physical security, link-layer security where supported, gateway authentication",Medium,Low-Medium hardware plus installation,"Low-Medium hardware plus installation; hardware, fixture, or process-change cost","1-10,000 sensed physical points",Security; Industrial maintenance; Field equipment,Physical vibration or knock event starts a local workflow.,"Broadens migration options beyond PSTN and classic PBX lines; Can be selected by site constraints, latency, and available infrastructure; Integrates with gateways, edge controllers, or automation middleware",Requires validation against local device support and regulations; Operational tooling and monitoring differ by protocol; May need a gateway layer to connect with PBX or UCaaS events,Accelerometer; Piezo,https://www.analog.com/en/product-category/accelerometers.html
Magnetic reed or Hall sensor trigger,non_web,magnetic,"Magnetic reed or Hall sensor trigger as an alternative trigger or command path when PSTN line signaling is unavailable, expensive, or too limited.",Reed switch; Hall sensor,"Sub-ms to seconds, medium dependent",Small command/event payloads,"Local, device, cable, optical, acoustic, mechanical, facility, carrier, or physical-process footprint",Medium-High with engineered installation,"Physical security, link-layer security where supported, gateway authentication",Medium,Low-Medium hardware plus installation,"Low-Medium hardware plus installation; hardware, fixture, or process-change cost","1-10,000 sensed physical points",Access control; Retail; Facilities,"Door, window, or equipment state triggers command logic without network transport.","Broadens migration options beyond PSTN and classic PBX lines; Can be selected by site constraints, latency, and available infrastructure; Integrates with gateways, edge controllers, or automation middleware",Requires validation against local device support and regulations; Operational tooling and monitoring differ by protocol; May need a gateway layer to connect with PBX or UCaaS events,Reed switch; Hall sensor,https://www.ti.com/sensors/magnetic-sensors/overview.html
Physical key switch interlock,non_web,physical_key,"Physical key switch interlock as an alternative trigger or command path when PSTN line signaling is unavailable, expensive, or too limited.",Key switch; Interlock,"Sub-ms to seconds, medium dependent",Small command/event payloads,"Local, device, cable, optical, acoustic, mechanical, facility, carrier, or physical-process footprint",Medium-High with engineered installation,"Physical security, link-layer security where supported, gateway authentication",Medium,Low-Medium hardware plus installation,Low-Medium hardware plus installation,"1-1,000 actuators or operator stations",Industrial safety; Utilities; Secure rooms,Operator key turn authorizes or triggers device actions.,"Broadens migration options beyond PSTN and classic PBX lines; Can be selected by site constraints, latency, and available infrastructure; Integrates with gateways, edge controllers, or automation middleware",Requires validation against local device support and regulations; Operational tooling and monitoring differ by protocol; May need a gateway layer to connect with PBX or UCaaS events,Key switch; Interlock,https://en.wikipedia.org/wiki/Interlock_(engineering)
Emergency-stop safety relay chain,non_web,electrical_contact,"Emergency-stop safety relay chain as an alternative trigger or command path when PSTN line signaling is unavailable, expensive, or too limited.",E-stop; Safety relay,"Sub-ms to seconds, medium dependent",Small command/event payloads,"Local, device, cable, optical, acoustic, mechanical, facility, carrier, or physical-process footprint",Medium-High with engineered installation,"Physical security, link-layer security where supported, gateway authentication",Medium,Low-Medium hardware plus installation,Low-Medium hardware plus installation,1-256 local I/O points,Manufacturing; Safety systems; Robotics,Safety circuit state directly disables or commands machinery.,"Broadens migration options beyond PSTN and classic PBX lines; Can be selected by site constraints, latency, and available infrastructure; Integrates with gateways, edge controllers, or automation middleware",Requires validation against local device support and regulations; Operational tooling and monitoring differ by protocol; May need a gateway layer to connect with PBX or UCaaS events,E-stop; Safety relay,https://www.pilz.com/en-US/products/safety-relays
Foot pedal or pushbutton station,non_web,mechanical_actuation,"Foot pedal or pushbutton station as an alternative trigger or command path when PSTN line signaling is unavailable, expensive, or too limited.",Pushbutton; Foot switch,"Sub-ms to seconds, medium dependent",Small command/event payloads,"Local, device, cable, optical, acoustic, mechanical, facility, carrier, or physical-process footprint",Medium-High with engineered installation,"Physical security, link-layer security where supported, gateway authentication",Medium,Low-Medium hardware plus installation,"Low-Medium hardware plus installation; hardware, fixture, or process-change cost",1-256 local I/O points,Clinics; Manufacturing; Service counters,Human-operated contact station triggers equipment where automation is not justified.,"Broadens migration options beyond PSTN and classic PBX lines; Can be selected by site constraints, latency, and available infrastructure; Integrates with gateways, edge controllers, or automation middleware",Requires validation against local device support and regulations; Operational tooling and monitoring differ by protocol; May need a gateway layer to connect with PBX or UCaaS events,Pushbutton; Foot switch,https://en.wikipedia.org/wiki/Push-button
QR code scan workflow,non_web,barcode_qr,"QR code scan workflow as an alternative trigger or command path when PSTN line signaling is unavailable, expensive, or too limited.",QR Code; Barcode scanner,"Sub-ms to seconds, medium dependent",Small command/event payloads,"Local, device, cable, optical, acoustic, mechanical, facility, carrier, or physical-process footprint",Medium-High with engineered installation,"Physical security, link-layer security where supported, gateway authentication",Medium,Low-Medium hardware plus installation,"Low-Medium hardware plus installation; hardware, fixture, or process-change cost","1-1,000,000 workflow items/events",Retail; Field service; Maintenance,Scanning a code at the edge selects the device or workflow to trigger.,"Broadens migration options beyond PSTN and classic PBX lines; Can be selected by site constraints, latency, and available infrastructure; Integrates with gateways, edge controllers, or automation middleware",Requires validation against local device support and regulations; Operational tooling and monitoring differ by protocol; May need a gateway layer to connect with PBX or UCaaS events,QR Code; Barcode scanner,https://www.gs1.org/standards/barcodes/2d-barcodes
Barcode scanner wedge command,non_web,barcode_qr,"Barcode scanner wedge command as an alternative trigger or command path when PSTN line signaling is unavailable, expensive, or too limited.",Barcode; USB HID keyboard,"Sub-ms to seconds, medium dependent",Small command/event payloads,"Local, device, cable, optical, acoustic, mechanical, facility, carrier, or physical-process footprint",Medium-High with engineered installation,"Physical security, link-layer security where supported, gateway authentication",Medium,Low-Medium hardware plus installation,"Low-Medium hardware plus installation; hardware, fixture, or process-change cost","1-1,000,000 workflow items/events",Warehousing; Healthcare; Retail,Barcode scanner sends keyboard-style commands to a local controller.,"Broadens migration options beyond PSTN and classic PBX lines; Can be selected by site constraints, latency, and available infrastructure; Integrates with gateways, edge controllers, or automation middleware",Requires validation against local device support and regulations; Operational tooling and monitoring differ by protocol; May need a gateway layer to connect with PBX or UCaaS events,Barcode; USB HID keyboard,https://www.gs1.org/standards/barcodes
Paper job ticket scan-to-trigger,non_web,paper_document,"Paper job ticket scan-to-trigger as an alternative trigger or command path when PSTN line signaling is unavailable, expensive, or too limited.",OCR; Document scan,"Sub-ms to seconds, medium dependent",Small command/event payloads,"Local, device, cable, optical, acoustic, mechanical, facility, carrier, or physical-process footprint",Medium-High with engineered installation,"Physical security, link-layer security where supported, gateway authentication",Medium,Low-Medium hardware plus installation,"Low-Medium hardware plus installation; hardware, fixture, or process-change cost","1-1,000,000 workflow items/events",Manufacturing; Logistics; Back office,Paper ticket or label scan initiates a controlled workflow.,"Broadens migration options beyond PSTN and classic PBX lines; Can be selected by site constraints, latency, and available infrastructure; Integrates with gateways, edge controllers, or automation middleware",Requires validation against local device support and regulations; Operational tooling and monitoring differ by protocol; May need a gateway layer to connect with PBX or UCaaS events,OCR; Document scan,https://www.iso.org/standard/75818.html
Manual SOP escalation,non_web,manual_process,"Manual SOP escalation as an alternative trigger or command path when PSTN line signaling is unavailable, expensive, or too limited.",Runbook; Checklist,"Sub-ms to seconds, medium dependent",Small command/event payloads,"Local, device, cable, optical, acoustic, mechanical, facility, carrier, or physical-process footprint",Medium-High with engineered installation,"Physical security, link-layer security where supported, gateway authentication",Medium,Low-Medium hardware plus installation,"Low-Medium hardware plus installation; hardware, fixture, or process-change cost","1-1,000,000 workflow items/events",Facilities; Public safety; Compliance,Human checklist replaces unreliable line-trigger automation for low-frequency critical tasks.,"Broadens migration options beyond PSTN and classic PBX lines; Can be selected by site constraints, latency, and available infrastructure; Integrates with gateways, edge controllers, or automation middleware",Requires validation against local device support and regulations; Operational tooling and monitoring differ by protocol; May need a gateway layer to connect with PBX or UCaaS events,Runbook; Checklist,https://www.iso.org/standard/70017.html
Operator tablet local USB command,non_web,usb,"Operator tablet local USB command as an alternative trigger or command path when PSTN line signaling is unavailable, expensive, or too limited.",USB CDC; USB HID,"Sub-ms to seconds, medium dependent",Small command/event payloads,"Local, device, cable, optical, acoustic, mechanical, facility, carrier, or physical-process footprint",Medium-High with engineered installation,"Physical security, link-layer security where supported, gateway authentication",Medium,Low-Medium hardware plus installation,Low-Medium hardware plus installation,"10-1,000 building devices",Kiosks; Labs; Field service,Tablet or local workstation sends command over a direct USB peripheral path.,"Broadens migration options beyond PSTN and classic PBX lines; Can be selected by site constraints, latency, and available infrastructure; Integrates with gateways, edge controllers, or automation middleware",Requires validation against local device support and regulations; Operational tooling and monitoring differ by protocol; May need a gateway layer to connect with PBX or UCaaS events,USB CDC; USB HID,https://www.usb.org/
MIDI control surface trigger,non_web,av_bus,"MIDI control surface trigger as an alternative trigger or command path when PSTN line signaling is unavailable, expensive, or too limited.",MIDI,"Sub-ms to seconds, medium dependent",Small command/event payloads,"Local, device, cable, optical, acoustic, mechanical, facility, carrier, or physical-process footprint",Medium-High with engineered installation,"Physical security, link-layer security where supported, gateway authentication",Medium,Low-Medium hardware plus installation,Low-Medium hardware plus installation,"1-10,000 sensed physical points",Venues; Broadcast; Hospitality,"MIDI buttons or faders trigger AV, paging, lighting, or room scenes.","Broadens migration options beyond PSTN and classic PBX lines; Can be selected by site constraints, latency, and available infrastructure; Integrates with gateways, edge controllers, or automation middleware",Requires validation against local device support and regulations; Operational tooling and monitoring differ by protocol; May need a gateway layer to connect with PBX or UCaaS events,MIDI,https://www.midi.org/specifications
GPIO over PoE I/O appliance,non_web,electrical_contact,"GPIO over PoE I/O appliance as an alternative trigger or command path when PSTN line signaling is unavailable, expensive, or too limited.",GPIO; PoE,"Sub-ms to seconds, medium dependent",Small command/event payloads,"Local, device, cable, optical, acoustic, mechanical, facility, carrier, or physical-process footprint",Medium-High with engineered installation,"Physical security, link-layer security where supported, gateway authentication",Medium,Low-Medium hardware plus installation,Low-Medium hardware plus installation,1-256 local I/O points,Facilities; Industrial automation; Retail,PoE I/O appliance converts local digital inputs and outputs without PSTN signaling.,"Broadens migration options beyond PSTN and classic PBX lines; Can be selected by site constraints, latency, and available infrastructure; Integrates with gateways, edge controllers, or automation middleware",Requires validation against local device support and regulations; Operational tooling and monitoring differ by protocol; May need a gateway layer to connect with PBX or UCaaS events,GPIO; PoE,https://www.moxa.com/en/products/industrial-edge-connectivity/controllers-and-ios/universal-controllers-and-i-os
Current-loop 4-20mA threshold trigger,non_web,sensor_bus,"Current-loop 4-20mA threshold trigger as an alternative trigger or command path when PSTN line signaling is unavailable, expensive, or too limited.",4-20mA; Analog input,"Sub-ms to seconds, medium dependent",Small command/event payloads,"Local, device, cable, optical, acoustic, mechanical, facility, carrier, or physical-process footprint",Medium-High with engineered installation,"Physical security, link-layer security where supported, gateway authentication",Medium,Low-Medium hardware plus installation,Low-Medium hardware plus installation,"1-10,000 sensed physical points",Utilities; Process control; Energy,Analog process threshold triggers local control or alarm logic.,"Broadens migration options beyond PSTN and classic PBX lines; Can be selected by site constraints, latency, and available infrastructure; Integrates with gateways, edge controllers, or automation middleware",Requires validation against local device support and regulations; Operational tooling and monitoring differ by protocol; May need a gateway layer to connect with PBX or UCaaS events,4-20mA; Analog input,https://www.analog.com/en/resources/technical-articles/4-20-ma-sensor-transmitters.html
Thermostat or HVAC contact trigger,non_web,electrical_contact,"Thermostat or HVAC contact trigger as an alternative trigger or command path when PSTN line signaling is unavailable, expensive, or too limited.",Thermostat contact; 24VAC,"Sub-ms to seconds, medium dependent",Small command/event payloads,"Local, device, cable, optical, acoustic, mechanical, facility, carrier, or physical-process footprint",Medium-High with engineered installation,"Physical security, link-layer security where supported, gateway authentication",Medium,Low-Medium hardware plus installation,Low-Medium hardware plus installation,1-256 local I/O points,Facilities; Smart building; Hospitality,Existing thermostat or control contacts initiate HVAC or building actions.,"Broadens migration options beyond PSTN and classic PBX lines; Can be selected by site constraints, latency, and available infrastructure; Integrates with gateways, edge controllers, or automation middleware",Requires validation against local device support and regulations; Operational tooling and monitoring differ by protocol; May need a gateway layer to connect with PBX or UCaaS events,Thermostat contact; 24VAC,https://www.ashrae.org/technical-resources/standards-and-guidelines
Fire alarm NAC or auxiliary relay monitor,non_web,electrical_contact,"Fire alarm NAC or auxiliary relay monitor as an alternative trigger or command path when PSTN line signaling is unavailable, expensive, or too limited.",NAC; Aux relay,"Sub-ms to seconds, medium dependent",Small command/event payloads,"Local, device, cable, optical, acoustic, mechanical, facility, carrier, or physical-process footprint",Medium-High with engineered installation,"Physical security, link-layer security where supported, gateway authentication",Medium,Low-Medium hardware plus installation,Low-Medium hardware plus installation,1-256 local I/O points,Public safety; Facilities; Healthcare,"Fire-panel auxiliary output triggers paging, doors, or notification workflows.","Broadens migration options beyond PSTN and classic PBX lines; Can be selected by site constraints, latency, and available infrastructure; Integrates with gateways, edge controllers, or automation middleware",Requires validation against local device support and regulations; Operational tooling and monitoring differ by protocol; May need a gateway layer to connect with PBX or UCaaS events,NAC; Aux relay,https://www.nfpa.org/codes-and-standards/nfpa-72-standard-development/72
Nurse-call dry-contact bridge,non_web,electrical_contact,"Nurse-call dry-contact bridge as an alternative trigger or command path when PSTN line signaling is unavailable, expensive, or too limited.",Nurse call; Dry contact,"Sub-ms to seconds, medium dependent",Small command/event payloads,"Local, device, cable, optical, acoustic, mechanical, facility, carrier, or physical-process footprint",Medium-High with engineered installation,"Physical security, link-layer security where supported, gateway authentication",Medium,Low-Medium hardware plus installation,Low-Medium hardware plus installation,1-256 local I/O points,Healthcare; Senior care; Facilities,Nurse-call output bridges care events to local alert workflows.,"Broadens migration options beyond PSTN and classic PBX lines; Can be selected by site constraints, latency, and available infrastructure; Integrates with gateways, edge controllers, or automation middleware",Requires validation against local device support and regulations; Operational tooling and monitoring differ by protocol; May need a gateway layer to connect with PBX or UCaaS events,Nurse call; Dry contact,https://www.nfpa.org/codes-and-standards/nfpa-99-standard-development/99
Elevator controller discrete input,non_web,electrical_contact,"Elevator controller discrete input as an alternative trigger or command path when PSTN line signaling is unavailable, expensive, or too limited.",Discrete input; Interlock,"Sub-ms to seconds, medium dependent",Small command/event payloads,"Local, device, cable, optical, acoustic, mechanical, facility, carrier, or physical-process footprint",Medium-High with engineered installation,"Physical security, link-layer security where supported, gateway authentication",Medium,Low-Medium hardware plus installation,Low-Medium hardware plus installation,1-256 local I/O points,Hospitality; Facilities; Access control,Elevator controller input replaces phone-line side effects for access or emergency workflows.,"Broadens migration options beyond PSTN and classic PBX lines; Can be selected by site constraints, latency, and available infrastructure; Integrates with gateways, edge controllers, or automation middleware",Requires validation against local device support and regulations; Operational tooling and monitoring differ by protocol; May need a gateway layer to connect with PBX or UCaaS events,Discrete input; Interlock,https://www.asme.org/codes-standards/find-codes-standards/a17-1-csa-b44-safety-code-elevators-escalators
Computer vision event trigger,web,edge_ai,"Computer vision event trigger as an alternative trigger or command path when PSTN line signaling is unavailable, expensive, or too limited.",RTSP; ONVIF; AI inference,"<50ms on LAN, WAN dependent",Small command/event payloads,IP routed,High with retries and monitoring,"TLS/mTLS, signed payloads, RBAC, network segmentation",Medium,Low-Medium,Low-Medium,"5-5,000 devices",Security; Retail; Manufacturing,Camera analytics convert visual events into commands.,"Broadens migration options beyond PSTN and classic PBX lines; Can be selected by site constraints, latency, and available infrastructure; Integrates with gateways, edge controllers, or automation middleware",Requires validation against local device support and regulations; Operational tooling and monitoring differ by protocol; May need a gateway layer to connect with PBX or UCaaS events,RTSP; ONVIF; AI inference,https://www.onvif.org/profiles/profile-t/
ONVIF event service,web,ethernet_ip,"ONVIF event service as an alternative trigger or command path when PSTN line signaling is unavailable, expensive, or too limited.",ONVIF; SOAP; WS-Eventing,"<50ms on LAN, WAN dependent",Small command/event payloads,IP routed,High with retries and monitoring,"TLS/mTLS, signed payloads, RBAC, network segmentation",Medium,Low-Medium,Low-Medium,"5-5,000 devices",Security; Facilities; Retail,Video/security device events trigger PBX or edge actions.,"Broadens migration options beyond PSTN and classic PBX lines; Can be selected by site constraints, latency, and available infrastructure; Integrates with gateways, edge controllers, or automation middleware",Requires validation against local device support and regulations; Operational tooling and monitoring differ by protocol; May need a gateway layer to connect with PBX or UCaaS events,ONVIF; SOAP; WS-Eventing,https://www.onvif.org/profiles/profile-t/
PTP time-synchronized command,web,ethernet_wire,"PTP time-synchronized command as an alternative trigger or command path when PSTN line signaling is unavailable, expensive, or too limited.",IEEE 1588 PTP,"<50ms on LAN, WAN dependent",Small command/event payloads,IP routed,High with retries and monitoring,"TLS/mTLS, signed payloads, RBAC, network segmentation",Medium,Low-Medium,Low-Medium,"5-5,000 devices",Industrial automation; Broadcast; Energy,Time-aligned command execution across many local devices.,"Broadens migration options beyond PSTN and classic PBX lines; Can be selected by site constraints, latency, and available infrastructure; Integrates with gateways, edge controllers, or automation middleware",Requires validation against local device support and regulations; Operational tooling and monitoring differ by protocol; May need a gateway layer to connect with PBX or UCaaS events,IEEE 1588 PTP,https://standards.ieee.org/ieee/1588/6825/
TSN scheduled Ethernet control,web,ethernet_wire,"TSN scheduled Ethernet control as an alternative trigger or command path when PSTN line signaling is unavailable, expensive, or too limited.",TSN; IEEE 802.1Qbv,"<50ms on LAN, WAN dependent",Small command/event payloads,IP routed,High with retries and monitoring,"TLS/mTLS, signed payloads, RBAC, network segmentation",Medium,Low-Medium,Low-Medium,"5-5,000 devices",Manufacturing; Automotive; Robotics,Deterministic Ethernet schedules critical control traffic.,"Broadens migration options beyond PSTN and classic PBX lines; Can be selected by site constraints, latency, and available infrastructure; Integrates with gateways, edge controllers, or automation middleware",Requires validation against local device support and regulations; Operational tooling and monitoring differ by protocol; May need a gateway layer to connect with PBX or UCaaS events,TSN; IEEE 802.1Qbv,https://1.ieee802.org/tsn/
Edge rules engine,web,edge_compute,"Edge rules engine as an alternative trigger or command path when PSTN line signaling is unavailable, expensive, or too limited.",Node-RED; Rules engine; HTTPS,"<50ms on LAN, WAN dependent",Small command/event payloads,IP routed,High with retries and monitoring,"TLS/mTLS, signed payloads, RBAC, network segmentation",Medium,Low-Medium,Low-Medium,"100-1,000,000 endpoints/events",SMB; Facilities; Systems integration,Local rules transform PBX/webhook events into device commands.,"Broadens migration options beyond PSTN and classic PBX lines; Can be selected by site constraints, latency, and available infrastructure; Integrates with gateways, edge controllers, or automation middleware",Requires validation against local device support and regulations; Operational tooling and monitoring differ by protocol; May need a gateway layer to connect with PBX or UCaaS events,Node-RED; Rules engine; HTTPS,https://nodered.org/
