continent,country_code,name,vendor,lifecycle_assigned,lifecycle_original,eol_status,eol_year,generation,tags,description,pros,cons,typical_customers,resource_url,discovery_query,recommended_terminals,cost_band,industry_fit,transport_schema_version,label_dictionary_version,primary_bearer,bearer_family,link_mode,network_type,bearers,control_interfaces,api_capable,hybrid,transport_confidence,transport_classification_source,transport_label_en,transport_label_zh,capability_labels_en,capability_labels_zh
asia_pacific,tw,EVOX Cloud PBX,EVOX,cutting_edge,cutting_edge,,,cloud,"cloud, ucaas, api",Cloud-native UCaaS targeting TW SMB with Teams/Salesforce integration,Local support; Chinese UI; Teams API integration; easy setup,Internet dependency; monthly subscription cost; limited analog support,SME 10-500 seats,https://www.evoxglobal.com/,,"100-100,000+ API endpoints/devices",Usage-based: per minute/API event,Contact center; Retail; Financial services; Professional services; Distributed offices,2,2,cloud_or_platform,cloud_or_platform,unknown,ip,"[""cloud_or_platform""]","[""api""]",true,false,derived,tag_rule,Cloud platform (bearer unspecified),雲端平台（承載未指定）,"[""API management""]","[""API 管理""]"
asia_pacific,tw,RingCentral MVP Taiwan,RingCentral,cutting_edge,cutting_edge,,,cloud,"cloud, ucaas, api, webrtc",Global UCaaS platform with local PSTN breakout in TW,Global presence; robust API library; analytics dashboard,Higher price point; English-first UI; local support tier varies,Enterprise 100+ seats,https://www.ringcentral.com/office/features/business-phone-system/overview.html,,"100-100,000+ API endpoints/devices",Usage-based: per minute/API event,Professional services; Distributed offices,2,2,ethernet,ethernet,wired,ip,"[""ethernet""]","[""api""]",true,false,derived,tag_rule,Ethernet / IP (wired),乙太網路 / IP（有線）,"[""API management""]","[""API 管理""]"
asia_pacific,tw,Asterisk IP-PBX,Open Source / Digium,mature_active,mature_active,,,ip_pbx,"ip_pbx, sip, open_source, linux",Most widely deployed open-source PBX platform globally,Free; huge community; infinite customization; any hardware,Requires Linux admin; no official support; DIY security patching,"Tech-savvy SMB, SI VARs",https://www.asterisk.org/,,5-500 seats,Low license cost; medium engineering/ops cost,SMB; Enterprise; Systems integrators,2,2,ethernet,ethernet,wired,ip,"[""ethernet""]","[""sip""]",false,false,derived,tag_rule,Ethernet / IP (wired),乙太網路 / IP（有線）,"[""SIP""]","[""SIP""]"
asia_pacific,tw,3CX IP-PBX,3CX,mature_active,mature_active,,,ip_pbx,"ip_pbx, sip, windows, linux, web_management",Windows/Linux software PBX with web management,User-friendly web console; mobile/desktop softphone included; low TCO,Annual license cost; limited analog FXO/FXS without gateway,SME 5-500 seats,https://www.3cx.com/,,5-500 seats,Medium: monthly per-seat subscription,SMB; Enterprise; Systems integrators,2,2,ethernet,ethernet,wired,ip,"[""ethernet""]","[""sip""]",false,false,derived,tag_rule,Ethernet / IP (wired),乙太網路 / IP（有線）,"[""SIP""]","[""SIP""]"
asia_pacific,tw,Cisco Unified Communications Manager,Cisco,mature_active,mature_active,,,ip_pbx,"ip_pbx, sip, enterprise, h323",Enterprise-grade IP-PBX with full UC suite,Enterprise reliability; extensive feature set; global support,High TCO; complex licensing; requires certified admins,"Enterprise, government, education",https://www.webex.com/suite/cloud-calling.html,,"500-50,000 seats/devices",Medium-High: per seat plus add-ons,Government; Education; Professional services; Distributed offices,2,2,ethernet,ethernet,wired,ip,"[""ethernet""]","[""sip""]",false,false,derived,tag_rule,Ethernet / IP (wired),乙太網路 / IP（有線）,"[""SIP""]","[""SIP""]"
asia_pacific,tw,中華電信雲端總機,Chunghwa Telecom,cutting_edge,most_used_current,,,cloud,"cloud, hosted, sip",Taiwan's largest telco cloud PBX offering,Local #1 telco; island-wide QoS; bundling with fiber,Proprietary features; limited API; long contract,TW SME with CHT fiber,https://www.cht.com.tw/home/cht/business,,"10-2,000 seats",Medium: monthly per-seat subscription,Professional services; Distributed offices,2,2,ethernet,ethernet,wired,ip,"[""ethernet""]","[""sip""]",false,false,derived,tag_rule,Ethernet / IP (wired),乙太網路 / IP（有線）,"[""SIP""]","[""SIP""]"
asia_pacific,tw,Panasonic KX-NS系列,Panasonic,most_used_current,most_used_current,,,ip_pbx,"ip_pbx, hybrid, fxs, fxo","Hybrid IP-PBX, widely installed across TW SMB",Analog phone support; reliable hardware; local SI network,EOL announced 2021; no more firmware; parts via secondary market,TW SMB with legacy analog phones,https://connect.panasonic.com/,,8-300 legacy extensions,Medium: monthly per-seat subscription,SMB retrofit; Retail branches; Legacy facilities,2,2,hybrid,hybrid,hybrid,mixed,"[""analog_tdm"",""ethernet""]",[],false,true,derived,tag_rule,Hybrid transport,混合承載,[],[]
asia_pacific,tw,NEC SV9100,NEC,most_used_current,most_used_current,,,ip_pbx,"ip_pbx, hybrid, sip, fxs",Hybrid IP communication server (successor to SV7000),NEC brand trust; hybrid analog/IP; UC apps available,Complex programming; proprietary handsets; NCC license cost,"TW enterprise, hospitality",https://www.nec.com/en/global/solutions/enterprise-communication/,,"500-50,000 seats/devices",Medium: monthly per-seat subscription,Healthcare; Hospitality; Professional services; Distributed offices; SMB retrofit; Retail branches; Legacy facilities,2,2,hybrid,hybrid,hybrid,mixed,"[""analog_tdm"",""ethernet""]","[""sip""]",false,true,derived,tag_rule,Hybrid transport,混合承載,"[""SIP""]","[""SIP""]"
asia_pacific,tw,Panasonic KX-TDA/TDE,Panasonic,most_used_eol,most_used_eol,EOL,,tdm,"tdm, hybrid, fxs, fxo, analog","Legacy TDM hybrid PBX, EOL 2021, EOS 2024",Rock-solid analog voice; huge install base; cheap二手,EOL/EOS; no security patches; no VoIP integration; no UC,"TW SMB, retail shops, clinics",https://connect.panasonic.com/,,8-300 legacy extensions,Low capex sunk cost; high maintenance/migration risk,Healthcare; SMB retrofit; Retail branches; Legacy facilities,2,2,analog_tdm,analog_tdm,wired,analog,"[""analog_tdm""]",[],false,false,derived,tag_rule,Analog / TDM (wired),類比 / TDM（有線）,[],[]
asia_pacific,tw,Toshiba Strata CIX,Toshiba,most_used_eol,most_used_eol,EOL,,tdm,"tdm, digital, fxs, fxo, analog","Legacy digital PBX, Toshiba exited telephony 2014",Was reliable its era; simple programming,Fully discontinued; no parts; no support; security risk,"TW older office buildings, schools",https://business.toshiba.com/,,8-300 legacy extensions,Low capex sunk cost; high maintenance/migration risk,SMB retrofit; Retail branches; Legacy facilities,2,2,analog_tdm,analog_tdm,wired,analog,"[""analog_tdm""]",[],false,false,derived,tag_rule,Analog / TDM (wired),類比 / TDM（有線）,[],[]
asia_pacific,tw,Avaya IP Office R11-,Avaya,most_used_eol,most_used_eol,EOL,,ip_pbx,"ip_pbx, hybrid, fxs, sip",Legacy IP-PBX platform on older releases before subscription model,Was #1 SMB platform globally; rich features,EOL for older versions; Avaya bankruptcy restructuring; forced subscription upgrade,"TW and global SMB, hospitality chains",https://www.avaya.com/,,8-300 legacy extensions,Low capex sunk cost; high maintenance/migration risk,Healthcare; Hospitality; SMB retrofit; Retail branches; Legacy facilities,2,2,hybrid,hybrid,hybrid,mixed,"[""analog_tdm"",""ethernet""]","[""sip""]",false,true,derived,tag_rule,Hybrid transport,混合承載,"[""SIP""]","[""SIP""]"
asia_pacific,jp,NTT Cloud PBX,NTT Communications,cutting_edge,cutting_edge,,,cloud,"cloud, ucaas, sip",Enterprise cloud PBX with Japan's largest backbone,NTT reliability; Japan-wide coverage; bundled with IPsec VPN,Japanese-only support; long contracts; expensive,"Japanese enterprise, govt",https://www.ntt.com/business/services/voice.html,,"500-50,000 seats/devices",Medium: monthly per-seat subscription,Professional services; Distributed offices,2,2,ethernet,ethernet,wired,ip,"[""ethernet""]","[""sip""]",false,false,derived,tag_rule,Ethernet / IP (wired),乙太網路 / IP（有線）,"[""SIP""]","[""SIP""]"
asia_pacific,jp,Asterisk on Sakura VPS,Open Source,mature_active,mature_active,,,ip_pbx,"ip_pbx, sip, open_source",Self-hosted Asterisk on Japan's popular VPS,Low cost; full control; popular with JP engineers,Self-managed; no Japanese-language support,"JP tech SMB, startups",https://www.asterisk.org/,,5-500 seats,Low license cost; medium engineering/ops cost,Professional services; Distributed offices,2,2,ethernet,ethernet,wired,ip,"[""ethernet""]","[""sip""]",false,false,derived,tag_rule,Ethernet / IP (wired),乙太網路 / IP（有線）,"[""SIP""]","[""SIP""]"
asia_pacific,jp,Panasonic KX-NS1000,Panasonic,most_used_current,most_used_current,,,ip_pbx,"ip_pbx, hybrid, fxs",Hybrid IP-PBX dominant in Japanese SMB market,Massive JP install base; analog backward compatibility,EOL transition; limited cloud features,"JP SMB, retail chains",https://connect.panasonic.com/,,8-300 legacy extensions,Medium: monthly per-seat subscription,SMB retrofit; Retail branches; Legacy facilities,2,2,hybrid,hybrid,hybrid,mixed,"[""analog_tdm"",""ethernet""]",[],false,true,derived,tag_rule,Hybrid transport,混合承載,[],[]
asia_pacific,jp,NEC SV7000,NEC,most_used_eol,most_used_eol,EOL,,tdm,"tdm, digital, fxs","Legacy digital PBX, some models EOL, parts discontinued",Was backbone of JP enterprise telephony,EOL; no IP upgrade path; security risk,"JP enterprise, hotels",https://www.nec.com/en/global/solutions/enterprise-communication/,,"500-50,000 seats/devices",Low capex sunk cost; high maintenance/migration risk,Hospitality; Professional services; Distributed offices; SMB retrofit; Retail branches; Legacy facilities,2,2,analog_tdm,analog_tdm,wired,analog,"[""analog_tdm""]",[],false,false,derived,tag_rule,Analog / TDM (wired),類比 / TDM（有線）,[],[]
asia_pacific,kr,KakaoWork Cloud PBX,Kakao,cutting_edge,cutting_edge,,,cloud,"cloud, api, webrtc",Cloud PBX integrated with KakaoTalk business platform,KakaoTalk integration; popular with KR SMB; easy mobile,KR-only market; Kakao platform dependency; limited SIP trunking,"KR SMB, startups",https://www.kakaowork.com/,,"100-100,000+ API endpoints/devices",Usage-based: per minute/API event,Professional services; Distributed offices,2,2,ethernet,ethernet,wired,ip,"[""ethernet""]","[""api""]",true,false,derived,tag_rule,Ethernet / IP (wired),乙太網路 / IP（有線）,"[""API management""]","[""API 管理""]"
asia_pacific,kr,FreeSWITCH,Open Source,mature_active,mature_active,,,ip_pbx,"ip_pbx, sip, open_source, webrtc",High-performance open-source soft-switch,Carrier-grade scalability; WebRTC support; active community,Steep learning curve; complex configuration,"Telcos, contact centers, large enterprises",https://freeswitch.org/,,"500-50,000 seats/devices",Low license cost; medium engineering/ops cost,Contact center; Retail; Financial services; Professional services; Distributed offices,2,2,ethernet,ethernet,wired,ip,"[""ethernet""]","[""sip""]",false,false,derived,tag_rule,Ethernet / IP (wired),乙太網路 / IP（有線）,"[""SIP""]","[""SIP""]"
asia_pacific,kr,Ericsson-LG iPECS,Ericsson-LG,mature_active,most_used_current,,,ip_pbx,"ip_pbx, hybrid, sip, fxs",Hybrid IP communication system for KR market,Strong KR channel; LG brand; hybrid analog/IP,Proprietary handsets; limited API,"KR SMB, government",https://www.ericssonlg-enterprise.com/,,"500-50,000 seats/devices",Medium: monthly per-seat subscription,Government; Education; SMB retrofit; Retail branches; Legacy facilities,2,2,hybrid,hybrid,hybrid,mixed,"[""analog_tdm"",""ethernet""]","[""sip""]",false,true,derived,tag_rule,Hybrid transport,混合承載,"[""SIP""]","[""SIP""]"
asia_pacific,kr,Samsung OfficeServ,Samsung,most_used_eol,most_used_eol,EOL,,tdm,"tdm, ip_pbx, hybrid, fxs","Legacy hybrid PBX, Samsung exited PBX market 2021",Was very popular in KR; large install base,Discontinued; no firmware; no parts,"KR SMB, schools, clinics",https://www.samsung.com/business/,,8-300 legacy extensions,Low capex sunk cost; high maintenance/migration risk,Healthcare; SMB retrofit; Retail branches; Legacy facilities,2,2,hybrid,hybrid,hybrid,mixed,"[""analog_tdm"",""ethernet""]",[],false,true,derived,tag_rule,Hybrid transport,混合承載,[],[]
asia_pacific,cn,Alibaba Cloud Call Center,Alibaba Cloud,cutting_edge,cutting_edge,,,cloud,"cloud, ai, api, webrtc",AI-powered cloud contact center with PBX capabilities,Alibaba ecosystem; AI integration; massive scale,China-only compliance; requires ICP license; Great Firewall,"CN enterprise, e-commerce",https://www.alibabacloud.com/product/cloud-call-center,,"100-100,000+ API endpoints/devices",Usage-based: per minute/API event,Contact center; Retail; Financial services; Professional services; Distributed offices,2,2,ethernet,ethernet,wired,ip,"[""ethernet""]","[""api"",""relay""]",true,false,derived,tag_rule,Ethernet / IP (wired),乙太網路 / IP（有線）,"[""API management"",""Relay""]","[""API 管理"",""繼電器""]"
asia_pacific,cn,FreeSWITCH / FusionPBX,Open Source,mature_active,mature_active,,,ip_pbx,"ip_pbx, sip, open_source, webrtc",Widely deployed by CN integrators as white-label platforms,Highly customizable; white-label ready; CN community modified versions,GPL license complexities in CN; no official CN support,"CN SI, calling card operators",https://freeswitch.org/,,5-500 seats,Low license cost; medium engineering/ops cost,SMB; Enterprise; Systems integrators,2,2,ethernet,ethernet,wired,ip,"[""ethernet""]","[""sip""]",false,false,derived,tag_rule,Ethernet / IP (wired),乙太網路 / IP（有線）,"[""SIP""]","[""SIP""]"
asia_pacific,cn,Huawei eSpace U1900,Huawei,mature_active,most_used_current,,,ip_pbx,"ip_pbx, sip, enterprise",Enterprise IP-PBX platform dominant in CN market,Huawei ecosystem; CN #1 enterprise telephony; government contracts,US sanctions impact; limited international support; proprietary,"CN enterprise, government, SOEs",https://e.huawei.com/en/products/enterprise-networking/collaboration,,"500-50,000 seats/devices",Medium-High: per seat plus add-ons,Government; Education; Professional services; Distributed offices,2,2,ethernet,ethernet,wired,ip,"[""ethernet""]","[""sip""]",false,false,derived,tag_rule,Ethernet / IP (wired),乙太網路 / IP（有線）,"[""SIP""]","[""SIP""]"
asia_pacific,cn,ZTE ZXV10 P300,ZTE,most_used_eol,most_used_eol,EOL,,tdm,"tdm, hybrid, fxs, fxo","Legacy hybrid PBX, phased out as ZTE shifts to cloud",Widely deployed across CN SMB; low cost二手,EOL; no updates; security concerns,"CN SMB, county-level government",https://www.zte.com.cn/global/,,"500-50,000 seats/devices",Low capex sunk cost; high maintenance/migration risk,Government; Education; Professional services; Distributed offices; SMB retrofit; Retail branches; Legacy facilities,2,2,analog_tdm,analog_tdm,wired,analog,"[""analog_tdm""]",[],false,false,derived,tag_rule,Analog / TDM (wired),類比 / TDM（有線）,[],[]
asia_pacific,in,Knowlarity Cloud PBX,Knowlarity,cutting_edge,cutting_edge,,,cloud,"cloud, api, sms, voice",India's largest cloud telephony provider,India market leader; API-first; pay-per-use; local regulatory compliance,Limited outside India; voice quality varies by region,"IN SMB, e-commerce, real estate",https://www.knowlarity.com/,,"100-100,000+ API endpoints/devices",Usage-based: per minute/API event,Professional services; Distributed offices,2,2,cloud_or_platform,cloud_or_platform,unknown,ip,"[""cloud_or_platform""]","[""api"",""messaging""]",true,false,derived,tag_rule,Cloud platform (bearer unspecified),雲端平台（承載未指定）,"[""API management"",""Messaging""]","[""API 管理"",""訊息傳遞""]"
asia_pacific,in,Exotel,Exotel,cutting_edge,mature_active,,,cloud,"cloud, api, cpaas",Cloud communication platform for Indian enterprises,Strong IN compliance (TRAI); virtual numbers; developer-friendly,India-only focus; pricing per call; limited UC features,"IN enterprise, fintech, healthcare",https://exotel.com/,,"100-100,000+ API endpoints/devices",Usage-based: per minute/API event,Healthcare; Professional services; Distributed offices,2,2,cloud_or_platform,cloud_or_platform,unknown,ip,"[""cloud_or_platform""]","[""api""]",true,false,derived,tag_rule,Cloud platform (bearer unspecified),雲端平台（承載未指定）,"[""API management""]","[""API 管理""]"
asia_pacific,in,Matrix SETU,Matrix,mature_active,most_used_current,,,ip_pbx,"ip_pbx, hybrid, fxs, fxo",Indian-made hybrid PBX systems widely deployed,Manufactured in India; affordable; rugged; local support,Limited cloud features; basic VoIP; no API,"IN SMB, rural offices, manufacturing",https://www.matrixcomsec.com/,,8-300 legacy extensions,Medium: monthly per-seat subscription,SMB retrofit; Retail branches; Legacy facilities,2,2,hybrid,hybrid,hybrid,mixed,"[""analog_tdm"",""ethernet""]",[],false,true,derived,tag_rule,Hybrid transport,混合承載,[],[]
asia_pacific,in,Panasonic KX-TA series,Panasonic,most_used_eol,most_used_eol,EOL,,tdm,"tdm, analog, fxs, fxo",Older analog PBX still operational across India,Indestructible hardware; very low power; extensive二手 market,No VoIP; no security; no expansion; EOL decades ago,"IN SMB, rural India, government sub-offices",https://connect.panasonic.com/,,"500-50,000 seats/devices",Low capex sunk cost; high maintenance/migration risk,Government; Education; SMB retrofit; Retail branches; Legacy facilities,2,2,analog_tdm,analog_tdm,wired,analog,"[""analog_tdm""]",[],false,false,derived,tag_rule,Analog / TDM (wired),類比 / TDM（有線）,[],[]
asia_pacific,sg,RingCentral Singapore,RingCentral,cutting_edge,cutting_edge,,,cloud,"cloud, ucaas, api, webrtc",Full UCaaS with local SG PSTN and data center,Local DC; SingTel partnership; strong SEA presence,Premium pricing; overkill for very small teams,"SG SME 10-200 seats, MNC regional HQs",https://www.ringcentral.com/office/features/business-phone-system/overview.html,,"100-100,000+ API endpoints/devices",Usage-based: per minute/API event,Professional services; Distributed offices,2,2,ethernet,ethernet,wired,ip,"[""ethernet""]","[""api""]",true,false,derived,tag_rule,Ethernet / IP (wired),乙太網路 / IP（有線）,"[""API management""]","[""API 管理""]"
asia_pacific,sg,SingTel Cloud PBX,SingTel,cutting_edge,most_used_current,,,cloud,"cloud, hosted, sip",Singapore's,SingTel QoS; local support; bundling with fiber,Long contract term; limited advanced features,"SG SME, government agencies",https://www.singtel.com/business,,"500-50,000 seats/devices",Medium: monthly per-seat subscription,Government; Education; Professional services; Distributed offices,2,2,ethernet,ethernet,wired,ip,"[""ethernet""]","[""sip""]",false,false,derived,tag_rule,Ethernet / IP (wired),乙太網路 / IP（有線）,"[""SIP""]","[""SIP""]"
asia_pacific,au,Whispir,Whispir,cutting_edge,cutting_edge,,,cloud,"cloud, api, sms, voice",Australian cloud communications platform with PBX capabilities,ASX-listed; compliance-focused; strong AU support,AU/NZ focus; pricing per interaction,"AU enterprise, government, emergency services",https://www.whispir.com/,,"100-100,000+ API endpoints/devices",Usage-based: per minute/API event,Government; Education; Professional services; Distributed offices,2,2,cloud_or_platform,cloud_or_platform,unknown,ip,"[""cloud_or_platform""]","[""api"",""messaging""]",true,false,derived,tag_rule,Cloud platform (bearer unspecified),雲端平台（承載未指定）,"[""API management"",""Messaging""]","[""API 管理"",""訊息傳遞""]"
asia_pacific,au,Telstra Cloud PBX,Telstra,cutting_edge,most_used_current,,,cloud,"cloud, hosted, sip",Australia's,Telstra network; AU-wide coverage; 24/7 support,Telstra lock-in; expensive; slow feature rollout,"AU SME, enterprise, government",https://www.telstra.com.au/business-enterprise/products/voice-collaboration,,"500-50,000 seats/devices",Medium: monthly per-seat subscription,Government; Education; Professional services; Distributed offices,2,2,ethernet,ethernet,wired,ip,"[""ethernet""]","[""sip""]",false,false,derived,tag_rule,Ethernet / IP (wired),乙太網路 / IP（有線）,"[""SIP""]","[""SIP""]"
asia_pacific,id,Panasonic KX-TES series,Panasonic,most_used_eol,most_used_eol,EOL,,tdm,"tdm, analog, fxs",Analog PBX widely distributed across Indonesian archipelago,Available in every Indonesian city; cheap; easy maintenance,EOL; no VoIP; poor voice quality over long-distance印尼内线,"ID SMB, hotels, schools in islands outside Java",https://connect.panasonic.com/,,8-300 legacy extensions,Low capex sunk cost; high maintenance/migration risk,Hospitality; SMB retrofit; Retail branches; Legacy facilities,2,2,analog_tdm,analog_tdm,wired,analog,"[""analog_tdm""]",[],false,false,derived,tag_rule,Analog / TDM (wired),類比 / TDM（有線）,[],[]
europe,gb,Gamma Horizon,Gamma Communications,cutting_edge,cutting_edge,,,cloud,"cloud, ucaas, api, webrtc",UK's leading UCaaS platform with CPaaS capabilities,UK #1; Ofcom-compliant; full SIP/API; strong channel,UK-only focus; pricing per user; limited global presence,UK SME 5-500 seats,https://www.gamma.co.uk/products/horizon/,,"100-100,000+ API endpoints/devices",Usage-based: per minute/API event,Professional services; Distributed offices,2,2,ethernet,ethernet,wired,ip,"[""ethernet""]","[""api""]",true,false,derived,tag_rule,Ethernet / IP (wired),乙太網路 / IP（有線）,"[""API management""]","[""API 管理""]"
europe,gb,Teams Phone (Direct Routing),Microsoft,cutting_edge,cutting_edge,,,cloud,"cloud, ucaas, api, webrtc, ai",Microsoft Teams native telephony via Direct Routing,Teams integration at scale; meeting+phone one pane; AI features,Requires E5 or add-on license; SBC complexity; PSTN cost,"Enterprise with M365 E5, 100+ users",https://www.microsoft.com/en-us/microsoft-teams/microsoft-teams-phone,,"100-100,000+ API endpoints/devices",Usage-based: per minute/API event,Professional services; Distributed offices,2,2,ethernet,ethernet,wired,ip,"[""ethernet""]","[""api""]",true,false,derived,tag_rule,Ethernet / IP (wired),乙太網路 / IP（有線）,"[""API management""]","[""API 管理""]"
europe,gb,3CX,3CX,mature_active,mature_active,,,ip_pbx,"ip_pbx, sip, cloud, windows",Market-leading software PBX in the UK,UK-based company; excellent SIP trunking; free for up to 10 users,Annual pricing model shift (v20); no analog without gateway,UK SME 5-500 seats,https://www.3cx.com/,,"10-2,000 seats",Medium: monthly per-seat subscription,Professional services; Distributed offices,2,2,ethernet,ethernet,wired,ip,"[""ethernet""]","[""sip""]",false,false,derived,tag_rule,Ethernet / IP (wired),乙太網路 / IP（有線）,"[""SIP""]","[""SIP""]"
europe,gb,BT Cloud Voice,BT Group,cutting_edge,most_used_current,,,cloud,"cloud, hosted, sip",UK's incumbent telco cloud voice platform,BT brand trust; UK-wide reach; PSTN migration pathway,BT bureaucracy; long contracts; limited API,"UK enterprise, public sector, multi-site",https://business.bt.com/products/voice/cloud-voice/,,"500-50,000 seats/devices",Medium: monthly per-seat subscription,Government; Education; Professional services; Distributed offices,2,2,ethernet,ethernet,wired,ip,"[""ethernet""]","[""sip""]",false,false,derived,tag_rule,Ethernet / IP (wired),乙太網路 / IP（有線）,"[""SIP""]","[""SIP""]"
europe,gb,BT Business Phone System (CS3500),BT (formerly Siemens),most_used_eol,most_used_eol,EOL,,tdm,"tdm, digital, fxs","Legacy digital PBX, PSTN switch-off forced retirement",Was UK's most deployed PBX; well-understood by engineers,BT PSTN switch-off Jan 2027; forced migration; no modern features,"UK enterprise, government, any organization still on ISDN",https://business.bt.com/products/voice/cloud-voice/,,"500-50,000 seats/devices",Low capex sunk cost; high maintenance/migration risk,Government; Education; Professional services; Distributed offices; SMB retrofit; Retail branches; Legacy facilities,2,2,analog_tdm,analog_tdm,wired,analog,"[""analog_tdm""]",[],false,false,derived,tag_rule,Analog / TDM (wired),類比 / TDM（有線）,[],[]
europe,de,Teamphone (Telekom),Deutsche Telekom,cutting_edge,cutting_edge,,,cloud,"cloud, ucaas, api",DT's cloud PBX for German SME with Teams integration,Telekom network; GDPR-compliant; German support,German language only; DT lock-in; slower innovation,"German SME, Mittelstand",https://geschaeftskunden.telekom.de/internet-dsl/tarife/companyflex,,"100-100,000+ API endpoints/devices",Usage-based: per minute/API event,Professional services; Distributed offices,2,2,cloud_or_platform,cloud_or_platform,unknown,ip,"[""cloud_or_platform""]","[""api""]",true,false,derived,tag_rule,Cloud platform (bearer unspecified),雲端平台（承載未指定）,"[""API management""]","[""API 管理""]"
europe,de,Starface,Starface,mature_active,mature_active,,,ip_pbx,"ip_pbx, sip, linux",German SIP-PBX platform popular in DACH region,German engineering; modular; strong DACH channel,Limited outside DACH; proprietary hardware option,DACH SME 10-250 seats,https://www.starface.com/en/,,5-500 seats,Medium: monthly per-seat subscription,SMB; Enterprise; Systems integrators,2,2,ethernet,ethernet,wired,ip,"[""ethernet""]","[""sip""]",false,false,derived,tag_rule,Ethernet / IP (wired),乙太網路 / IP（有線）,"[""SIP""]","[""SIP""]"
europe,de,Auerswald VM series,Auerswald,mature_active,most_used_current,,,ip_pbx,"ip_pbx, hybrid, fxs, fxo","German hybrid PBX, widely used in Mittelstand",German quality; analog + VoIP; Made in Germany,Expensive; limited cloud features; regional focus,"German SMB, manufacturing, craft businesses",https://www.auerswald.de/en/,,8-300 legacy extensions,Medium: monthly per-seat subscription,SMB retrofit; Retail branches; Legacy facilities,2,2,hybrid,hybrid,hybrid,mixed,"[""analog_tdm"",""ethernet""]",[],false,true,derived,tag_rule,Hybrid transport,混合承載,[],[]
europe,de,Siemens HiPath 3000/4000,Siemens/Unify,most_used_eol,most_used_eol,EOL,,tdm,"tdm, ip_pbx, digital, fxs","Legacy enterprise PBX, EOS announced by Atos/Unify",Was Germany's enterprise standard; huge install base,EOS; no patches; forced migration; complex decommissioning,"German enterprise, hospitals, government",https://unify.com/en/solutions,,"500-50,000 seats/devices",Low capex sunk cost; high maintenance/migration risk,Healthcare; Government; Education; Professional services; Distributed offices; SMB retrofit; Retail branches; Legacy facilities,2,2,hybrid,hybrid,hybrid,mixed,"[""analog_tdm"",""ethernet""]",[],false,true,derived,tag_rule,Hybrid transport,混合承載,[],[]
europe,fr,Poly (formerly Polycom) on Teams,HP/Poly,cutting_edge,cutting_edge,,,cloud,"cloud, webrtc, enterprise",Teams-certified devices for French enterprise telephony,Premium hardware; Teams certified; Microsoft ecosystem,Expensive hardware; Poly/HP transition uncertainty,"French enterprise, meeting rooms",https://www.hp.com/us-en/poly.html,,"500-50,000 seats/devices",Medium-High: per seat plus add-ons,IoT; Utilities; Logistics; Manufacturing; Professional services; Distributed offices,2,2,ethernet,ethernet,wired,ip,"[""ethernet""]",[],false,false,derived,tag_rule,Ethernet / IP (wired),乙太網路 / IP（有線）,[],[]
europe,fr,Orange Business Cloud PBX,Orange,cutting_edge,most_used_current,,,cloud,"cloud, hosted, sip",France's,Orange network; France-wide; full support,Orange lock-in; expensive; limited API,"French enterprise, public sector",https://www.orange-business.com/en/solutions/communication-and-collaboration,,"500-50,000 seats/devices",Medium: monthly per-seat subscription,Government; Education; Professional services; Distributed offices,2,2,ethernet,ethernet,wired,ip,"[""ethernet""]","[""sip""]",false,false,derived,tag_rule,Ethernet / IP (wired),乙太網路 / IP（有線）,"[""SIP""]","[""SIP""]"
europe,fr,Alcatel-Lucent OmniPCX Office,Alcatel-Lucent (now Nokia),most_used_eol,most_used_eol,EOL,,ip_pbx,"ip_pbx, digital, fxs","Legacy IP-PBX, no longer actively developed",Was French enterprise standard; reliable TDM/IP hybrid,EOL; Nokia no longer invests; security risk; skilled engineers retiring,"French enterprise, government, hotels",https://www.al-enterprise.com/,,"500-50,000 seats/devices",Low capex sunk cost; high maintenance/migration risk,Government; Education; Hospitality; Professional services; Distributed offices; SMB retrofit; Retail branches; Legacy facilities,2,2,hybrid,hybrid,hybrid,mixed,"[""analog_tdm"",""ethernet""]",[],false,true,derived,tag_rule,Hybrid transport,混合承載,[],[]
europe,se,Telavox,Telavox,cutting_edge,cutting_edge,,,cloud,"cloud, ucaas, api",Nordic cloud communications platform with UCaaS/CPaaS,Nordic market leader; API-first; strong compliance,Nordic focus; limited outside Scandinavia,"Nordic SME, enterprise",https://telavox.com/,,"100-100,000+ API endpoints/devices",Usage-based: per minute/API event,Professional services; Distributed offices,2,2,cloud_or_platform,cloud_or_platform,unknown,ip,"[""cloud_or_platform""]","[""api""]",true,false,derived,tag_rule,Cloud platform (bearer unspecified),雲端平台（承載未指定）,"[""API management""]","[""API 管理""]"
europe,se,Telia Fonster,Telia,cutting_edge,most_used_current,,,cloud,"cloud, hosted, sip",Sweden's incumbent cloud PBX,Telia network; all-Sweden coverage,Carrier pricing; slow innovation,"Swedish SME, public sector",https://www.telia.se/foretag,,"10-2,000 seats",Medium: monthly per-seat subscription,Government; Education; Professional services; Distributed offices,2,2,ethernet,ethernet,wired,ip,"[""ethernet""]","[""sip""]",false,false,derived,tag_rule,Ethernet / IP (wired),乙太網路 / IP（有線）,"[""SIP""]","[""SIP""]"
europe,se,Ericsson MD110,Ericsson,most_used_eol,most_used_eol,EOL,,tdm,"tdm, digital, fxs","Legendary digital PBX, still running in many Swedish orgs",Ericsson reliability; 99.999% uptime reputation,Clunky maintenance; no IP; PSTN phase-out forcing retirement,"Swedish enterprise, government, defense",https://www.ericssonlg-enterprise.com/,,"500-50,000 seats/devices",Low capex sunk cost; high maintenance/migration risk,Government; Education; Professional services; Distributed offices; SMB retrofit; Retail branches; Legacy facilities,2,2,analog_tdm,analog_tdm,wired,analog,"[""analog_tdm""]",[],false,false,derived,tag_rule,Analog / TDM (wired),類比 / TDM（有線）,[],[]
europe,it,CloudItalia UCaaS,CloudItalia (Fastweb),cutting_edge,cutting_edge,,,cloud,"cloud, ucaas, sip",Italian cloud UCaaS platform,Italian support; Fastweb network; local data center,Italy-only; limited API,"Italian SME, enterprise",https://www.fastweb.it/business/,,"500-50,000 seats/devices",Medium: monthly per-seat subscription,Professional services; Distributed offices,2,2,ethernet,ethernet,wired,ip,"[""ethernet""]","[""sip""]",false,false,derived,tag_rule,Ethernet / IP (wired),乙太網路 / IP（有線）,"[""SIP""]","[""SIP""]"
europe,it,Siemens HiPath / Unify OpenScape,Siemens/Unify,most_used_eol,most_used_eol,EOL,,ip_pbx,"ip_pbx, digital, fxs","Legacy IP-PBX, EOS migrating, widely deployed in Italy",Very large IT install base; known by IT SI,EOS; complex licensing; expensive maintenance,"Italian enterprise, manufacturing, banking",https://unify.com/en/solutions,,"500-50,000 seats/devices",Low capex sunk cost; high maintenance/migration risk,Professional services; Distributed offices; SMB retrofit; Retail branches; Legacy facilities,2,2,hybrid,hybrid,hybrid,mixed,"[""analog_tdm"",""ethernet""]",[],false,true,derived,tag_rule,Hybrid transport,混合承載,[],[]
europe,nl,Voiceworks,Voiceworks,cutting_edge,cutting_edge,,,cloud,"cloud, ucaas, api, wholesale",Dutch wholesale UCaaS platform for service providers,API-first carrier platform; strong NL base; PSTN migration,Wholesale only; not sold directly to end-customers,"NL service providers, resellers",https://www.voiceworks.com/,,"100-100,000+ API endpoints/devices",Usage-based: per minute/API event,Professional services; Distributed offices,2,2,cloud_or_platform,cloud_or_platform,unknown,ip,"[""cloud_or_platform""]","[""api""]",true,false,derived,tag_rule,Cloud platform (bearer unspecified),雲端平台（承載未指定）,"[""API management""]","[""API 管理""]"
europe,nl,KPN Voice,KPN,cutting_edge,most_used_current,,,cloud,"cloud, hosted, sip",Dutch incumbent enterprise voice portfolio,KPN network; NL-wide; PSTN alternative,KPN pricing; limited flexibility,"NL enterprise, government",https://www.kpn.com/zakelijk.htm,,"500-50,000 seats/devices",Medium: monthly per-seat subscription,Government; Education; Professional services; Distributed offices,2,2,ethernet,ethernet,wired,ip,"[""ethernet""]","[""sip""]",false,false,derived,tag_rule,Ethernet / IP (wired),乙太網路 / IP（有線）,"[""SIP""]","[""SIP""]"
europe,ch,Swisscom Cloud PBX,Swisscom,cutting_edge,cutting_edge,,,cloud,"cloud, ucaas, sip",Swiss-hosted cloud communication platform,Swiss data center; GDPR/Swiss law; Swisscom reliability,Premium pricing; Switzerland-only,"CH SME, enterprise, financial services",https://www.swisscom.ch/en/business.html,,"500-50,000 seats/devices",Medium: monthly per-seat subscription,Professional services; Distributed offices,2,2,ethernet,ethernet,wired,ip,"[""ethernet""]","[""sip""]",false,false,derived,tag_rule,Ethernet / IP (wired),乙太網路 / IP（有線）,"[""SIP""]","[""SIP""]"
europe,dk,Telenor Cloud PBX Denmark,Telenor,cutting_edge,cutting_edge,,,cloud,"cloud, hosted, sip",Danish cloud voice platform,Telenor DK network; Nordic reach,Limited API; carrier SLAs,"DK SME, public sector",https://www.telenor.com/business/,,"10-2,000 seats",Medium: monthly per-seat subscription,Government; Education; Professional services; Distributed offices,2,2,ethernet,ethernet,wired,ip,"[""ethernet""]","[""sip""]",false,false,derived,tag_rule,Ethernet / IP (wired),乙太網路 / IP（有線）,"[""SIP""]","[""SIP""]"
europe,no,Telenor Norway IP Telephony,Telenor,cutting_edge,most_used_current,,,cloud,"cloud, sip, hosted",IP voice from Norway's largest telco,Telenor dominance; PSTN migration complete (2022),Telenor pricing; limited third-party SIP,"NO enterprise, government",https://www.telenor.com/business/,,"500-50,000 seats/devices",Medium: monthly per-seat subscription,Government; Education; Professional services; Distributed offices,2,2,ethernet,ethernet,wired,ip,"[""ethernet""]","[""sip""]",false,false,derived,tag_rule,Ethernet / IP (wired),乙太網路 / IP（有線）,"[""SIP""]","[""SIP""]"
europe,es,MasMovil Cloud PBX,MasMovil,cutting_edge,cutting_edge,,,cloud,"cloud, hosted, sip",Spanish challenger telco cloud voice,Competitive pricing; Yoigo/MasMovil network; growing,Spain-only; business support limited vs incumbents,"ES SME, startups",https://www.masmovil.es/empresas/,,"10-2,000 seats",Medium: monthly per-seat subscription,Professional services; Distributed offices,2,2,ethernet,ethernet,wired,ip,"[""ethernet""]","[""sip""]",false,false,derived,tag_rule,Ethernet / IP (wired),乙太網路 / IP（有線）,"[""SIP""]","[""SIP""]"
europe,es,Telefonica PBX Legacy,Telefonica,most_used_eol,most_used_eol,EOL,,tdm,"tdm, digital, fxs",Legacy TDM/hosted PBX from Spanish incumbent,Was Spain's only option; universal availability,Obsolete tech; Telefonica migration push; PSTN deadline ES 2025,"ES enterprise, government, any organization on RDSI",https://www.telefonica.com/en/business-solutions/,,"500-50,000 seats/devices",Low capex sunk cost; high maintenance/migration risk,Government; Education; Professional services; Distributed offices; SMB retrofit; Retail branches; Legacy facilities,2,2,analog_tdm,analog_tdm,wired,analog,"[""analog_tdm""]",[],false,false,derived,tag_rule,Analog / TDM (wired),類比 / TDM（有線）,[],[]
americas,us,Zoom Phone,Zoom Video Communications,cutting_edge,cutting_edge,,,cloud,"cloud, ucaas, webrtc, ai",Cloud-native phone system integrated with Zoom Meetings,Zoom simplicity; fast deployment; AI Companion; competitive pricing,Meeting-phone integration still maturing; no analog without ATA,"US SME 1-500 seats, education, healthcare",https://www.zoom.com/en/products/voip-phone/,,"10-2,000 seats",Medium: monthly per-seat subscription,Healthcare; Government; Education; Professional services; Distributed offices,2,2,ethernet,ethernet,wired,ip,"[""ethernet""]",[],false,false,derived,tag_rule,Ethernet / IP (wired),乙太網路 / IP（有線）,[],[]
americas,us,Twilio Flex,Twilio,cutting_edge,cutting_edge,,,cloud,"cloud, cpaas, api, webrtc, ai",Fully programmable cloud contact center with CPaaS,Full programmability; AI/ML integration; global reach; pay-as-you-go,Requires development investment; not plug-and-play; complex pricing,"US tech-forward enterprises, contact centers, developers",https://www.twilio.com/docs/voice,,"100-100,000+ API endpoints/devices",Usage-based: per minute/API event,Contact center; Retail; Financial services; Professional services; Distributed offices,2,2,ethernet,ethernet,wired,ip,"[""ethernet""]","[""api"",""relay""]",true,false,derived,tag_rule,Ethernet / IP (wired),乙太網路 / IP（有線）,"[""API management"",""Relay""]","[""API 管理"",""繼電器""]"
americas,us,Five9,Five9,cutting_edge,cutting_edge,,,cloud,"cloud, ai, ccaas, api",Intelligent cloud contact center with AI/ML capabilities,AI-native; WFO integration; Salesforce Service Cloud partnership,Expensive; enterprise-focused; complex setup,US enterprise contact centers,https://www.five9.com/products/call-center-software,,"100-100,000+ API endpoints/devices",Usage-based: per minute/API event,Contact center; Retail; Financial services; Professional services; Distributed offices,2,2,cloud_or_platform,cloud_or_platform,unknown,ip,"[""cloud_or_platform""]","[""api"",""relay""]",true,false,derived,tag_rule,Cloud platform (bearer unspecified),雲端平台（承載未指定）,"[""API management"",""Relay""]","[""API 管理"",""繼電器""]"
americas,us,Cisco Webex Calling,Cisco,cutting_edge,mature_active,,,cloud,"cloud, ucaas, sip, enterprise",Cloud calling from Webex portfolio,Cisco ecosystem; enterprise security; global compliance,Complex licensing; Cisco pricing; Webex vs Teams wars,"US enterprise, government, Cisco shops",https://www.webex.com/suite/cloud-calling.html,,"500-50,000 seats/devices",Medium-High: per seat plus add-ons,Government; Education; Professional services; Distributed offices,2,2,ethernet,ethernet,wired,ip,"[""ethernet""]","[""sip""]",false,false,derived,tag_rule,Ethernet / IP (wired),乙太網路 / IP（有線）,"[""SIP""]","[""SIP""]"
americas,us,Asterisk / FreePBX,Open Source / Sangoma,mature_active,mature_active,,,ip_pbx,"ip_pbx, sip, open_source, linux",Open-source PBX with commercial GUI (FreePBX),FreePBX GUI simplifies Asterisk; huge US community; commercial support via Sangoma,Asterisk complexity; GUI adds abstraction layer; security requires attention,"US SMB, VARs, tech-savvy IT teams",https://www.asterisk.org/,,5-500 seats,Low license cost; medium engineering/ops cost,SMB; Enterprise; Systems integrators,2,2,ethernet,ethernet,wired,ip,"[""ethernet""]","[""sip""]",false,false,derived,tag_rule,Ethernet / IP (wired),乙太網路 / IP（有線）,"[""SIP""]","[""SIP""]"
americas,us,RingCentral MVP,RingCentral,cutting_edge,most_used_current,,,cloud,"cloud, ucaas, api, webrtc",Market-leading UCaaS platform in North America,Market share leader; full UC suite; extensive integrations; global reach,Past outages; complex add-on pricing; migration from legacy can be painful,"US SME 10-1000 seats, healthcare, legal",https://www.ringcentral.com/office/features/business-phone-system/overview.html,,"100-100,000+ API endpoints/devices",Usage-based: per minute/API event,Healthcare; Professional services; Distributed offices,2,2,ethernet,ethernet,wired,ip,"[""ethernet""]","[""api""]",true,false,derived,tag_rule,Ethernet / IP (wired),乙太網路 / IP（有線）,"[""API management""]","[""API 管理""]"
americas,us,Comcast Business VoiceEdge,Comcast,cutting_edge,most_used_current,,,cloud,"cloud, hosted, sip","Cable MSO hosted voice, bundled with broadband",Comcast broadband bundle; US-wide; managed router included,Comcast service reputation; limited advanced features; locked to Comcast,"US SMB 1-100 seats, retail, restaurants",https://business.comcast.com/learn/voice/business-voiceedge,,"10-2,000 seats",Medium: monthly per-seat subscription,Professional services; Distributed offices,2,2,ethernet,ethernet,wired,ip,"[""ethernet""]","[""sip""]",false,false,derived,tag_rule,Ethernet / IP (wired),乙太網路 / IP（有線）,"[""SIP""]","[""SIP""]"
americas,us,Avaya IP Office / Aura,Avaya,most_used_eol,most_used_eol,EOL,,ip_pbx,"ip_pbx, hybrid, fxs, sip","Legacy on-premise PBX, Avaya restructuring",Gargantuan install base; once the enterprise standard,Avaya bankruptcy; forced cloud migration; declining support quality; parts scarcity,"US enterprise, hospitality, government, education",https://www.avaya.com/,,"500-50,000 seats/devices",Low capex sunk cost; high maintenance/migration risk,Healthcare; Government; Education; Hospitality; Professional services; Distributed offices; SMB retrofit; Retail branches; Legacy facilities,2,2,hybrid,hybrid,hybrid,mixed,"[""analog_tdm"",""ethernet""]","[""sip""]",false,true,derived,tag_rule,Hybrid transport,混合承載,"[""SIP""]","[""SIP""]"
americas,us,Nortel (now Avaya) BCM / CS1000,Nortel / Avaya,most_used_eol,most_used_eol,EOL,,tdm,"tdm, digital, fxs","Legendary Canadian digital PBX, EOL after Nortel bankruptcy",Best voice quality of its era; very durable; beloved by telecom engineers,EOL since Nortel bankruptcy 2009; no support; no parts; security nightmare,US/CA enterprise still running on borrowed time,https://www.avaya.com/,,"500-50,000 seats/devices",Low capex sunk cost; high maintenance/migration risk,Professional services; Distributed offices; SMB retrofit; Retail branches; Legacy facilities,2,2,analog_tdm,analog_tdm,wired,analog,"[""analog_tdm""]",[],false,false,derived,tag_rule,Analog / TDM (wired),類比 / TDM（有線）,[],[]
americas,us,Mitel MiVoice Business (older),Mitel,most_used_eol,most_used_eol,EOL,,ip_pbx,"ip_pbx, hybrid, fxs",Legacy Mitel on-prem PBX pre-cloud era,Strong install base; particularly in healthcare/government,Mitel acquisition turmoil; older versions EOL; cloud push,"US healthcare, government, hospitality",https://www.mitel.com/products/cloud-business-phone-systems,,"500-50,000 seats/devices",Low capex sunk cost; high maintenance/migration risk,Healthcare; Government; Education; Hospitality; Professional services; Distributed offices; SMB retrofit; Retail branches; Legacy facilities,2,2,hybrid,hybrid,hybrid,mixed,"[""analog_tdm"",""ethernet""]",[],false,true,derived,tag_rule,Hybrid transport,混合承載,[],[]
americas,ca,Dialpad,Dialpad,cutting_edge,cutting_edge,,,cloud,"cloud, ucaas, ai, webrtc",AI-powered cloud UCaaS platform,AI-native (transcription; sentiment); Vancouver HQ; modern UX,AI features are add-on cost; less mature than RingCentral; US focus,"CA/US tech companies, professional services",https://www.dialpad.com/products/business-phone-system/,,"10-2,000 seats",Medium: monthly per-seat subscription,Professional services; Distributed offices,2,2,ethernet,ethernet,wired,ip,"[""ethernet""]",[],false,false,derived,tag_rule,Ethernet / IP (wired),乙太網路 / IP（有線）,[],[]
americas,ca,Bell Canada Unified Communications,Bell Canada,cutting_edge,most_used_current,,,cloud,"cloud, hosted, sip",Canadian incumbent cloud voice,Bell network; Canada-wide; French/English support,Bell pricing; limited API; long contracts,"CA enterprise, government, Quebecois orgs",https://business.bell.ca/,,"500-50,000 seats/devices",Medium: monthly per-seat subscription,Government; Education; Professional services; Distributed offices,2,2,ethernet,ethernet,wired,ip,"[""ethernet""]","[""sip""]",false,false,derived,tag_rule,Ethernet / IP (wired),乙太網路 / IP（有線）,"[""SIP""]","[""SIP""]"
americas,ca,Nortel BCM / CS1000,Nortel (Avaya),most_used_eol,most_used_eol,EOL,,tdm,"tdm, digital, fxs",Nortel infrastructure still running in CA orgs,Nortel pride in Canada; still functional for basic voice,EOL since 2009; zero security updates; migrating off is urgent,"CA enterprise, government, healthcare, education",https://www.avaya.com/,,"500-50,000 seats/devices",Low capex sunk cost; high maintenance/migration risk,Healthcare; Government; Education; Professional services; Distributed offices; SMB retrofit; Retail branches; Legacy facilities,2,2,analog_tdm,analog_tdm,wired,analog,"[""analog_tdm""]",[],false,false,derived,tag_rule,Analog / TDM (wired),類比 / TDM（有線）,[],[]
americas,br,Twilio Brazil,Twilio,cutting_edge,cutting_edge,,,cloud,"cloud, cpaas, api, webrtc",CPaaS platform with Brazilian local numbers and compliance,API-first; local BR numbers; Anatel compliance; flexible,Internet-dependent; latency for voice; per-transaction cost,"BR tech companies, contact centers, developers",https://www.twilio.com/docs/voice,,"100-100,000+ API endpoints/devices",Usage-based: per minute/API event,Contact center; Retail; Financial services; Professional services; Distributed offices,2,2,ethernet,ethernet,wired,ip,"[""ethernet""]","[""api""]",true,false,derived,tag_rule,Ethernet / IP (wired),乙太網路 / IP（有線）,"[""API management""]","[""API 管理""]"
americas,br,Issabel,Open Source (BR community),mature_active,mature_active,,,ip_pbx,"ip_pbx, sip, open_source, linux",Brazilian open-source PBX distribution based on Asterisk,Portuguese UI; BR community; free; active development,Less international support; documentation mostly in PT-BR,"BR SMB, VARs, tech teams",https://www.issabel.org/,,5-500 seats,Low license cost; medium engineering/ops cost,SMB; Enterprise; Systems integrators,2,2,ethernet,ethernet,wired,ip,"[""ethernet""]","[""sip""]",false,false,derived,tag_rule,Ethernet / IP (wired),乙太網路 / IP（有線）,"[""SIP""]","[""SIP""]"
americas,br,VONIX Cloud PBX,VONIX (BrisaNet),cutting_edge,most_used_current,,,cloud,"cloud, hosted, sip",Brazilian cloud PBX market leader,BR #1; local support; Anatel compliance; good voice quality,Brazil-only; limited API; premium pricing,"BR SME, enterprise",https://www.vonix.com.br/,,"500-50,000 seats/devices",Medium: monthly per-seat subscription,Professional services; Distributed offices,2,2,ethernet,ethernet,wired,ip,"[""ethernet""]","[""sip""]",false,false,derived,tag_rule,Ethernet / IP (wired),乙太網路 / IP（有線）,"[""SIP""]","[""SIP""]"
americas,br,Panasonic KX-TDA Brazil,Panasonic,most_used_eol,most_used_eol,EOL,,tdm,"tdm, hybrid, fxs",Legacy Panasonic PBX widely imported and deployed in BR,Affordable; widely available二手; known by all BR integrators,EOL; no support; high import cost for replacement parts; FXO line scarcity,"BR SMB, retail, outskirt offices",https://connect.panasonic.com/,,8-300 legacy extensions,Low capex sunk cost; high maintenance/migration risk,SMB retrofit; Retail branches; Legacy facilities,2,2,analog_tdm,analog_tdm,wired,analog,"[""analog_tdm""]",[],false,false,derived,tag_rule,Analog / TDM (wired),類比 / TDM（有線）,[],[]
americas,br,Intelbras (legacy),Intelbras,most_used_eol,most_used_eol,EOL,,tdm,"tdm, digital, fxs, fxo",Brazilian national PBX manufacturer legacy TDM lines,National manufacturer; full BR support; affordable for local market,TDM-only; no IP migration path; limited features,"BR SMB, interior offices, rural areas",https://www.intelbras.com/,,8-300 legacy extensions,Low capex sunk cost; high maintenance/migration risk,SMB retrofit; Retail branches; Legacy facilities,2,2,analog_tdm,analog_tdm,wired,analog,"[""analog_tdm""]",[],false,false,derived,tag_rule,Analog / TDM (wired),類比 / TDM（有線）,[],[]
americas,mx,Telmex Cloud PBX,Telmex (América Móvil),cutting_edge,most_used_current,,,cloud,"cloud, hosted, sip",Mexican incumbent hosted PBX,Telmex network dominance; Mexico-wide coverage; bundled with internet,Telmex monopoly pricing; support quality; limited features,"MX SME, enterprise, government",https://telmex.com/web/empresas,,"500-50,000 seats/devices",Medium: monthly per-seat subscription,Government; Education; Professional services; Distributed offices,2,2,ethernet,ethernet,wired,ip,"[""ethernet""]","[""sip""]",false,false,derived,tag_rule,Ethernet / IP (wired),乙太網路 / IP（有線）,"[""SIP""]","[""SIP""]"
africa,za,Spark,Spark (Vox Telecom),cutting_edge,cutting_edge,,,cloud,"cloud, hosted, sip",South African hosted voice platform,ZA #1; local support; ICASA compliance,ZA-only; internet-dependent; load shedding impact,"ZA SME, enterprise",https://www.vox.co.za/,,"500-50,000 seats/devices",Medium: monthly per-seat subscription,Professional services; Distributed offices,2,2,ethernet,ethernet,wired,ip,"[""ethernet""]","[""sip""]",false,false,derived,tag_rule,Ethernet / IP (wired),乙太網路 / IP（有線）,"[""SIP""]","[""SIP""]"
africa,za,Vox Cloud PBX,Vox Telecom,cutting_edge,most_used_current,,,cloud,"cloud, hosted, sip",South Africa's largest independent telecom cloud PBX,Vox network; ZA-wide; FTTH bundle options,Vox-dependent; limited outside major cities,"ZA SME, enterprise",https://www.vox.co.za/,,"500-50,000 seats/devices",Medium: monthly per-seat subscription,Professional services; Distributed offices,2,2,ethernet,ethernet,wired,ip,"[""ethernet""]","[""sip""]",false,false,derived,tag_rule,Ethernet / IP (wired),乙太網路 / IP（有線）,"[""SIP""]","[""SIP""]"
africa,za,Alcatel-Lucent OmniPCX (SA installs),Alcatel-Lucent,most_used_eol,most_used_eol,EOL,,tdm,"tdm, digital, fxs",Legacy PBX deployed in ZA enterprise pre-cloud,ZA enterprise standard for decades; well-understood,EOL; no factory support; reliance on二手 market,"ZA enterprise, mining companies, government",https://www.al-enterprise.com/,,"500-50,000 seats/devices",Low capex sunk cost; high maintenance/migration risk,Government; Education; Professional services; Distributed offices; SMB retrofit; Retail branches; Legacy facilities,2,2,analog_tdm,analog_tdm,wired,analog,"[""analog_tdm""]",[],false,false,derived,tag_rule,Analog / TDM (wired),類比 / TDM（有線）,[],[]
africa,ng,MTN Business Cloud PBX,MTN,cutting_edge,cutting_edge,,,cloud,"cloud, hosted, sip",Nigeria's largest operator cloud voice,MTN network dominance; Nigeria-wide; mobile-first,Internet reliability dependent on 4G/5G coverage; power outages,"NG SME, enterprise in Lagos/Abuja",https://www.mtn.com/business/,,"500-50,000 seats/devices",Medium: monthly per-seat subscription,Professional services; Distributed offices,2,2,ethernet,ethernet,wired,ip,"[""ethernet""]","[""sip""]",false,false,derived,tag_rule,Ethernet / IP (wired),乙太網路 / IP（有線）,"[""SIP""]","[""SIP""]"
africa,ng,IHS Telecoms hosted PBX,IHS Nigeria,cutting_edge,most_used_current,,,cloud,"cloud, hosted, sip",Nigerian-hosted voice platform via tower infrastructure,IHS tower infrastructure; Nigeria focus; improving reliability,Limited reach beyond major cities; nascent market,"NG SME, retail chains",https://www.ihstowers.com/,,"10-2,000 seats",Medium: monthly per-seat subscription,Professional services; Distributed offices,2,2,ethernet,ethernet,wired,ip,"[""ethernet""]","[""sip""]",false,false,derived,tag_rule,Ethernet / IP (wired),乙太網路 / IP（有線）,"[""SIP""]","[""SIP""]"
middle_east,ae,Du Cloud PBX,du (Emirates Integrated),cutting_edge,cutting_edge,,,cloud,"cloud, hosted, sip",UAE cloud voice platform for enterprise,UAE #2 telco; local hosting; TRA compliance,UAE-only; expensive; strict VoIP regulation,"UAE enterprise, free zones",https://www.du.ae/business,,"500-50,000 seats/devices",Medium: monthly per-seat subscription,Professional services; Distributed offices,2,2,ethernet,ethernet,wired,ip,"[""ethernet""]","[""sip""]",false,false,derived,tag_rule,Ethernet / IP (wired),乙太網路 / IP（有線）,"[""SIP""]","[""SIP""]"
middle_east,ae,Etisalat Cloud Voice,e& (Etisalat),cutting_edge,most_used_current,,,cloud,"cloud, hosted, sip",UAE's,Etisalat network monopoly; UAE-wide; integrated with e& services,Monopoly pricing; strict UAE VoIP regulation; limited third-party SIP,"UAE enterprise, government, hospitality",https://www.etisalat.ae/en/business/,,"500-50,000 seats/devices",Medium: monthly per-seat subscription,Healthcare; Government; Education; Hospitality; Professional services; Distributed offices,2,2,ethernet,ethernet,wired,ip,"[""ethernet""]","[""sip""]",false,false,derived,tag_rule,Ethernet / IP (wired),乙太網路 / IP（有線）,"[""SIP""]","[""SIP""]"
middle_east,il,AudioCodes,AudioCodes,cutting_edge,cutting_edge,,,cloud,"cloud, sip, ai, webrtc","Israeli voice networking, now cloud voice and meeting AI",Deep VoIP expertise; SBC/voice tech leader; Microsoft Teams partner,Complex product portfolio; hardware + cloud transition,"Global enterprise, Microsoft Teams shops, service providers",https://www.audiocodes.com/,,"500-50,000 seats/devices",Medium: monthly per-seat subscription,Professional services; Distributed offices,2,2,ethernet,ethernet,wired,ip,"[""ethernet""]","[""sip""]",false,false,derived,tag_rule,Ethernet / IP (wired),乙太網路 / IP（有線）,"[""SIP""]","[""SIP""]"
middle_east,il,FreeSWITCH (IL community),Open Source,mature_active,mature_active,,,ip_pbx,"ip_pbx, sip, open_source, webrtc",Deployed by Israeli VoIP companies for high-scale platforms,Carrier-grade; used by many IL VoIP ops; active IL community,Expertise required; mainly carrier/wholesale use,"IL VoIP carriers, contact center platforms",https://freeswitch.org/,,"500-50,000 seats/devices",Low license cost; medium engineering/ops cost,Contact center; Retail; Financial services,2,2,ethernet,ethernet,wired,ip,"[""ethernet""]","[""sip""]",false,false,derived,tag_rule,Ethernet / IP (wired),乙太網路 / IP（有線）,"[""SIP""]","[""SIP""]"
americas,us,Microsoft Teams Phone,Microsoft,cutting_edge,cutting_edge,,,cloud,"cloud, ucaas, sip, api, ai","Cloud phone system for Teams with Operator Connect, Direct Routing, calling plans, and AI-assisted call workflows.",Deep Microsoft 365 integration; Multiple PSTN connectivity models; Enterprise compliance controls,Best value inside Microsoft estate; Licensing can be complex; Analog/legacy devices need gateways,"Enterprise, education, public sector",https://www.microsoft.com/en-us/microsoft-teams/microsoft-teams-phone,Microsoft Microsoft Teams Phone official cloud PBX VoIP API eSIM UCaaS,"100-100,000+ API endpoints/devices",Usage-based: per minute/API event,Government; Education; Professional services; Distributed offices,2,2,ethernet,ethernet,wired,ip,"[""ethernet""]","[""api"",""sip""]",true,false,derived,tag_rule,Ethernet / IP (wired),乙太網路 / IP（有線）,"[""API management"",""SIP""]","[""API 管理"",""SIP""]"
americas,us,Zoom Phone,Zoom,cutting_edge,cutting_edge,,,cloud,"cloud, ucaas, api, ai","Cloud VoIP phone system integrated with Zoom Meetings, Contact Center, and AI Companion features.",Fast user adoption; Strong video/phone/contact-center bundle; Modern admin experience,Cloud dependency; Advanced routing requires careful design; Regional PSTN availability varies,SMB to enterprise,https://www.zoom.com/en/products/voip-phone/,Zoom Zoom Phone official cloud PBX VoIP API eSIM UCaaS,"100-100,000+ API endpoints/devices",Usage-based: per minute/API event,Contact center; Retail; Financial services; Professional services; Distributed offices,2,2,cloud_or_platform,cloud_or_platform,unknown,ip,"[""cloud_or_platform""]","[""api"",""relay""]",true,false,derived,tag_rule,Cloud platform (bearer unspecified),雲端平台（承載未指定）,"[""API management"",""Relay""]","[""API 管理"",""繼電器""]"
americas,us,RingCentral RingEX,RingCentral,cutting_edge,cutting_edge,,,cloud,"cloud, ucaas, api, webrtc","Global UCaaS suite with calling, messaging, meetings, analytics, and developer APIs.",Mature UCaaS feature set; Global PSTN footprint; Rich API ecosystem,Premium pricing; Migration from legacy PBX can be involved; Carrier coverage differs by country,"SMB, enterprise, distributed teams",https://www.ringcentral.com/office/features/business-phone-system/overview.html,RingCentral RingCentral RingEX official cloud PBX VoIP API eSIM UCaaS,"100-100,000+ API endpoints/devices",Usage-based: per minute/API event,Professional services; Distributed offices,2,2,ethernet,ethernet,wired,ip,"[""ethernet""]","[""api"",""messaging""]",true,false,derived,tag_rule,Ethernet / IP (wired),乙太網路 / IP（有線）,"[""API management"",""Messaging""]","[""API 管理"",""訊息傳遞""]"
americas,us,8x8 Work,8x8,cutting_edge,cutting_edge,,,cloud,"cloud, ucaas, contact_center, api",Cloud business phone and unified communications platform with contact-center adjacency.,Integrated UC and CC; International calling plans; Mature enterprise controls,Plan packaging can be complex; Local support varies; Advanced analytics cost extra,International SMB and enterprise,https://www.8x8.com/products/business-phone,8x8 8x8 Work official cloud PBX VoIP API eSIM UCaaS,"100-100,000+ API endpoints/devices",Usage-based: per minute/API event,Contact center; Retail; Financial services; Professional services; Distributed offices,2,2,cloud_or_platform,cloud_or_platform,unknown,ip,"[""cloud_or_platform""]","[""api""]",true,false,derived,tag_rule,Cloud platform (bearer unspecified),雲端平台（承載未指定）,"[""API management""]","[""API 管理""]"
americas,us,Dialpad Ai Voice,Dialpad,cutting_edge,cutting_edge,,,cloud,"cloud, ucaas, ai, api","AI-centered cloud business phone service with transcription, summaries, and coaching.",Native AI call intelligence; Clean cloud administration; Good mobile/desktop UX,AI accuracy needs validation; Less suitable for analog-heavy sites; Coverage differs by market,"Sales, support, modern SMB",https://www.dialpad.com/products/business-phone-system/,Dialpad Dialpad Ai Voice official cloud PBX VoIP API eSIM UCaaS,"100-100,000+ API endpoints/devices",Usage-based: per minute/API event,Contact center; Retail; Financial services; Professional services; Distributed offices,2,2,cloud_or_platform,cloud_or_platform,unknown,ip,"[""cloud_or_platform""]","[""api""]",true,false,derived,tag_rule,Cloud platform (bearer unspecified),雲端平台（承載未指定）,"[""API management""]","[""API 管理""]"
americas,us,NextivaONE,Nextiva,cutting_edge,cutting_edge,,,cloud,"cloud, ucaas, crm",Cloud business phone and customer conversation platform for US SMB and mid-market.,Strong SMB onboarding; Phone plus customer context; US-focused support,International footprint smaller than global UCaaS leaders; Advanced integrations may need higher tiers; Legacy migration effort remains,"US SMB, service teams",https://www.nextiva.com/products/business-phone-service.html,Nextiva NextivaONE official cloud PBX VoIP API eSIM UCaaS,"10-2,000 seats",Medium: monthly per-seat subscription,Contact center; Retail; Financial services; Professional services; Distributed offices,2,2,cloud_or_platform,cloud_or_platform,unknown,ip,"[""cloud_or_platform""]",[],false,false,derived,tag_rule,Cloud platform (bearer unspecified),雲端平台（承載未指定）,[],[]
europe,fr,Aircall,Aircall,cutting_edge,cutting_edge,,,cloud,"cloud, call_center, api, crm",Cloud phone and call-center platform built around CRM/helpdesk integrations.,Fast deployment; Strong CRM integrations; Good for distributed teams,Not a full legacy PBX replacement for every site; Usage-based costs can grow; Feature depth depends on plan,Sales and support teams,https://aircall.io/call-center-software/,Aircall Aircall official cloud PBX VoIP API eSIM UCaaS,"100-100,000+ API endpoints/devices",Usage-based: per minute/API event,Contact center; Retail; Financial services; Professional services; Distributed offices,2,2,cloud_or_platform,cloud_or_platform,unknown,ip,"[""cloud_or_platform""]","[""api""]",true,false,derived,tag_rule,Cloud platform (bearer unspecified),雲端平台（承載未指定）,"[""API management""]","[""API 管理""]"
americas,us,GoTo Connect,GoTo,cutting_edge,cutting_edge,,,cloud,"cloud, ucaas, contact_center","Cloud phone, meeting, messaging, and contact center service.",Integrated UC stack; SMB-friendly packaging; Useful admin tools,Global depth below largest UCaaS vendors; Advanced CC features require plan review; Analog support via gateways,"SMB, branch offices",https://www.goto.com/connect,GoTo GoTo Connect official cloud PBX VoIP API eSIM UCaaS,"25-5,000 agents",Medium-High: per seat plus add-ons,Contact center; Retail; Financial services; Professional services; Distributed offices,2,2,cloud_or_platform,cloud_or_platform,unknown,ip,"[""cloud_or_platform""]","[""messaging"",""relay""]",false,false,derived,tag_rule,Cloud platform (bearer unspecified),雲端平台（承載未指定）,"[""Messaging"",""Relay""]","[""訊息傳遞"",""繼電器""]"
europe,de,NFON Cloudya,NFON,cutting_edge,cutting_edge,,,cloud,"cloud, ucaas, hosted",European cloud telephone system for business users.,EU-focused provider; Hosted PBX simplicity; Good regional compliance fit,Smaller global reach; Feature parity varies by market; APIs less broad than CPaaS,European SMB and mid-market,https://www.nfon.com/en/products/cloudya,NFON NFON Cloudya official cloud PBX VoIP API eSIM UCaaS,"10-2,000 seats",Medium: monthly per-seat subscription,Professional services; Distributed offices,2,2,cloud_or_platform,cloud_or_platform,unknown,ip,"[""cloud_or_platform""]",[],false,false,derived,tag_rule,Cloud platform (bearer unspecified),雲端平台（承載未指定）,[],[]
europe,gb,Gamma Horizon,Gamma,cutting_edge,cutting_edge,,,cloud,"cloud, hosted, sip",UK hosted phone system and UC service sold through Gamma and channel partners.,Strong UK channel; Hosted PBX maturity; Good SIP trunk adjacency,UK-centric; Advanced API use is limited; Contract/channel dependency,UK SMB and channel customers,https://www.gamma.co.uk/products/horizon/,Gamma Gamma Horizon official cloud PBX VoIP API eSIM UCaaS,"10-2,000 seats",Medium: monthly per-seat subscription,Professional services; Distributed offices,2,2,ethernet,ethernet,wired,ip,"[""ethernet""]","[""sip""]",false,false,derived,tag_rule,Ethernet / IP (wired),乙太網路 / IP（有線）,"[""SIP""]","[""SIP""]"
asia_pacific,au,MaxoTel Hosted PBX,MaxoTel,cutting_edge,mature_active,,,cloud,"cloud, hosted, sip",Australian hosted PBX service for business calling.,Local Australian support; SMB-friendly hosted PBX; SIP trunk experience,Regional scope; Less AI/API depth than global platforms; Legacy devices need gateways,Australian SMB,https://www.maxo.com.au/business-phone-systems/hosted-pbx/,MaxoTel MaxoTel Hosted PBX official cloud PBX VoIP API eSIM UCaaS,"10-2,000 seats",Medium: monthly per-seat subscription,Professional services; Distributed offices,2,2,ethernet,ethernet,wired,ip,"[""ethernet""]","[""sip""]",false,false,derived,tag_rule,Ethernet / IP (wired),乙太網路 / IP（有線）,"[""SIP""]","[""SIP""]"
asia_pacific,nz,2talk Cloud PBX,2talk,cutting_edge,mature_active,,,cloud,"cloud, hosted, sip",New Zealand cloud PBX and VoIP service.,Local numbering and support; SMB pricing; Simple hosted PBX model,NZ-centered footprint; Limited enterprise UC depth; Integration options vary,NZ SMB,https://www.2talk.co.nz/products/cloud-pbx/,2talk 2talk Cloud PBX official cloud PBX VoIP API eSIM UCaaS,"10-2,000 seats",Medium: monthly per-seat subscription,Professional services; Distributed offices,2,2,ethernet,ethernet,wired,ip,"[""ethernet""]","[""sip""]",false,false,derived,tag_rule,Ethernet / IP (wired),乙太網路 / IP（有線）,"[""SIP""]","[""SIP""]"
asia_pacific,ph,Globe Business Cloud Phone,Globe Telecom,cutting_edge,cutting_edge,,,cloud,"cloud, hosted, telco",Philippines telco business voice and hosted communications portfolio.,Local telco reach; Bundled connectivity; Regulatory fit,Feature set depends on package; APIs may be limited; Longer telco procurement,Philippines business,https://www.globe.com.ph/business/enterprise/voice,Globe Telecom Globe Business Cloud Phone official cloud PBX VoIP API eSIM UCaaS,"10-2,000 seats",Medium: monthly per-seat subscription,Professional services; Distributed offices,2,2,cloud_or_platform,cloud_or_platform,unknown,ip,"[""cloud_or_platform""]",[],false,false,derived,tag_rule,Cloud platform (bearer unspecified),雲端平台（承載未指定）,[],[]
asia_pacific,my,TIME Voice Cloud PBX,TIME dotCom,cutting_edge,mature_active,,,cloud,"cloud, hosted, telco",Malaysia business voice and cloud PBX services.,Local fiber and voice bundle; Business support; Telco reliability,Malaysia-centric; Integration depth varies; Contract dependency,Malaysia SMB and enterprise,https://www.time.com.my/business/voice,TIME dotCom TIME Voice Cloud PBX official cloud PBX VoIP API eSIM UCaaS,"500-50,000 seats/devices",Medium: monthly per-seat subscription,Professional services; Distributed offices,2,2,cloud_or_platform,cloud_or_platform,unknown,ip,"[""cloud_or_platform""]",[],false,false,derived,tag_rule,Cloud platform (bearer unspecified),雲端平台（承載未指定）,[],[]
asia_pacific,th,AIS Business Cloud PBX,AIS,cutting_edge,cutting_edge,,,cloud,"cloud, hosted, telco",Thailand enterprise communication and cloud voice portfolio.,Local carrier coverage; Mobile/fixed bundle; Enterprise channel,Public product details vary; APIs may require custom engagement; Regional scope,Thailand business,https://business.ais.co.th/,AIS AIS Business Cloud PBX official cloud PBX VoIP API eSIM UCaaS,"10-2,000 seats",Medium: monthly per-seat subscription,Professional services; Distributed offices,2,2,cloud_or_platform,cloud_or_platform,unknown,ip,"[""cloud_or_platform""]",[],false,false,derived,tag_rule,Cloud platform (bearer unspecified),雲端平台（承載未指定）,[],[]
europe,es,Masvoz Cloud PBX,Masvoz,cutting_edge,mature_active,,,cloud,"cloud, hosted, sip",Spanish virtual PBX and business voice service.,Spain-focused numbering; Hosted PBX maturity; Contact-center options,Regional focus; Not a global UCaaS suite; Integration depth depends on plan,Spanish SMB,https://www.masvoz.es/centralita-virtual/,Masvoz Masvoz Cloud PBX official cloud PBX VoIP API eSIM UCaaS,"10-2,000 seats",Medium: monthly per-seat subscription,Professional services; Distributed offices,2,2,ethernet,ethernet,wired,ip,"[""ethernet""]","[""sip""]",false,false,derived,tag_rule,Ethernet / IP (wired),乙太網路 / IP（有線）,"[""SIP""]","[""SIP""]"
europe,pt,CloudTalk,CloudTalk,cutting_edge,cutting_edge,,,cloud,"cloud, call_center, api",Cloud call-center and business calling platform for sales and support.,Fast international setup; CRM integrations; Analytics and call routing,Contact-center focus more than full PBX; Usage costs require monitoring; Local PSTN features vary,Sales/support teams,https://www.cloudtalk.io/call-center-software/,CloudTalk CloudTalk official cloud PBX VoIP API eSIM UCaaS,"100-100,000+ API endpoints/devices",Usage-based: per minute/API event,Contact center; Retail; Financial services; Professional services; Distributed offices,2,2,cloud_or_platform,cloud_or_platform,unknown,ip,"[""cloud_or_platform""]","[""api""]",true,false,derived,tag_rule,Cloud platform (bearer unspecified),雲端平台（承載未指定）,"[""API management""]","[""API 管理""]"
middle_east,sa,stc business voice,stc,cutting_edge,mature_active,,,cloud,"cloud, hosted, telco",Saudi telecom business voice and enterprise communications portfolio.,Local carrier and regulatory fit; Enterprise procurement path; Connectivity bundling,Public cloud PBX details vary; Integration may need custom work; Regional scope,Saudi business,https://www.stc.com.sa/content/stc/sa/en/business.html,stc stc business voice official cloud PBX VoIP API eSIM UCaaS,"10-2,000 seats",Medium: monthly per-seat subscription,Professional services; Distributed offices,2,2,cloud_or_platform,cloud_or_platform,unknown,ip,"[""cloud_or_platform""]",[],false,false,derived,tag_rule,Cloud platform (bearer unspecified),雲端平台（承載未指定）,[],[]
africa,ke,Safaricom Business Voice,Safaricom,cutting_edge,mature_active,,,cloud,"cloud, hosted, telco",Kenya business voice and enterprise communication services.,Strong local network; Business support; Mobile/fixed service bundle,Limited public API details; Regional market focus; Advanced UC depends on package,Kenya business,https://www.safaricom.co.ke/business,Safaricom Safaricom Business Voice official cloud PBX VoIP API eSIM UCaaS,"10-2,000 seats",Medium: monthly per-seat subscription,Professional services; Distributed offices,2,2,cloud_or_platform,cloud_or_platform,unknown,ip,"[""cloud_or_platform""]",[],false,false,derived,tag_rule,Cloud platform (bearer unspecified),雲端平台（承載未指定）,[],[]
africa,eg,Telecom Egypt Business Voice,Telecom Egypt,mature_active,mature_active,,,cloud,"hosted, telco, sip",Egypt business telephony and connectivity portfolio.,National carrier footprint; Local compliance; Connectivity bundle,Cloud PBX details require sales engagement; Limited developer APIs; Regional focus,Egypt enterprise,https://te.eg/wps/portal/te/Business,Telecom Egypt Telecom Egypt Business Voice official cloud PBX VoIP API eSIM UCaaS,"500-50,000 seats/devices",Medium: monthly per-seat subscription,Professional services; Distributed offices,2,2,ethernet,ethernet,wired,ip,"[""ethernet""]","[""sip""]",false,false,derived,tag_rule,Ethernet / IP (wired),乙太網路 / IP（有線）,"[""SIP""]","[""SIP""]"
americas,us,Twilio Programmable Voice,Twilio,cutting_edge,cutting_edge,,,ai_api,"cpaas, api, voice, webrtc, ai","Programmable voice API platform for building calling, IVR, SIP, recording, media streams, and AI voice workflows.",Developer-first APIs; Global voice building blocks; Strong webhook/event model,Requires engineering; Not a turnkey PBX by itself; Usage costs must be governed,"Developers, platforms, contact centers",https://www.twilio.com/docs/voice,Twilio Twilio Programmable Voice official cloud PBX VoIP API eSIM UCaaS,"100-100,000+ API endpoints/devices",Usage-based: per minute/API event,Contact center; Retail; Financial services,2,2,ethernet,ethernet,wired,ip,"[""ethernet""]","[""api"",""sip""]",true,false,derived,tag_rule,Ethernet / IP (wired),乙太網路 / IP（有線）,"[""API management"",""SIP""]","[""API 管理"",""SIP""]"
europe,gb,Vonage Voice API,Vonage,cutting_edge,cutting_edge,,,ai_api,"cpaas, api, voice, sip","Voice API for programmable calls, NCCO call control, recording, and telephony integrations.",Programmable call control; Global API reach; Useful SIP integration,Developer implementation required; PBX features must be built; Coverage/pricing varies,"Developers, SaaS platforms",https://developer.vonage.com/en/voice/voice-api/overview,Vonage Vonage Voice API official cloud PBX VoIP API eSIM UCaaS,"100-100,000+ API endpoints/devices",Usage-based: per minute/API event,SMB; Enterprise; Systems integrators,2,2,ethernet,ethernet,wired,ip,"[""ethernet""]","[""api"",""sip""]",true,false,derived,tag_rule,Ethernet / IP (wired),乙太網路 / IP（有線）,"[""API management"",""SIP""]","[""API 管理"",""SIP""]"
americas,us,Telnyx Voice API,Telnyx,cutting_edge,cutting_edge,,,ai_api,"cpaas, api, sip, voice","Programmable voice, SIP trunking, and real-time communications APIs.",Carrier-grade SIP/voice focus; Good developer docs; Elastic SIP trunking adjacency,Engineering required; UC UI must be built or integrated; Regulatory setup varies,"Developers, carriers, SaaS",https://developers.telnyx.com/docs/voice,Telnyx Telnyx Voice API official cloud PBX VoIP API eSIM UCaaS,"100-100,000+ API endpoints/devices",Usage-based: per minute/API event,SMB; Enterprise; Systems integrators,2,2,ethernet,ethernet,wired,ip,"[""ethernet""]","[""api"",""sip""]",true,false,derived,tag_rule,Ethernet / IP (wired),乙太網路 / IP（有線）,"[""API management"",""SIP""]","[""API 管理"",""SIP""]"
americas,us,Bandwidth Voice API,Bandwidth,cutting_edge,cutting_edge,,,ai_api,"cpaas, api, voice, sip",US-focused programmable voice and messaging platform with carrier network assets.,Direct carrier network in US; Programmable voice control; Good for compliant US workloads,US-centric strengths; Engineering required; Not turnkey UCaaS,"US SaaS, contact centers",https://dev.bandwidth.com/docs/voice/,Bandwidth Bandwidth Voice API official cloud PBX VoIP API eSIM UCaaS,"100-100,000+ API endpoints/devices",Usage-based: per minute/API event,Contact center; Retail; Financial services,2,2,ethernet,ethernet,wired,ip,"[""ethernet""]","[""api"",""sip"",""messaging""]",true,false,derived,tag_rule,Ethernet / IP (wired),乙太網路 / IP（有線）,"[""API management"",""SIP"",""Messaging""]","[""API 管理"",""SIP"",""訊息傳遞""]"
asia_pacific,in,Plivo Voice API,Plivo,cutting_edge,cutting_edge,,,ai_api,"cpaas, api, voice, sip","Programmable voice API for calls, conferences, recordings, and SIP integrations.",Straightforward APIs; Global voice reach; Competitive CPaaS pricing,Requires app development; Not a full PBX interface; Coverage varies,"Developers, startups",https://www.plivo.com/docs/voice/,Plivo Plivo Voice API official cloud PBX VoIP API eSIM UCaaS,"100-100,000+ API endpoints/devices",Usage-based: per minute/API event,SMB; Enterprise; Systems integrators,2,2,ethernet,ethernet,wired,ip,"[""ethernet""]","[""api"",""sip""]",true,false,derived,tag_rule,Ethernet / IP (wired),乙太網路 / IP（有線）,"[""API management"",""SIP""]","[""API 管理"",""SIP""]"
europe,se,Sinch Voice API,Sinch,cutting_edge,cutting_edge,,,ai_api,"cpaas, api, voice, sms",CPaaS voice APIs for programmable calling and communications workflows.,Global communications portfolio; Voice plus messaging; Enterprise CPaaS posture,Complex portfolio; Engineering required; Plan/country differences,Enterprise developers,https://developers.sinch.com/docs/voice/,Sinch Sinch Voice API official cloud PBX VoIP API eSIM UCaaS,"100-100,000+ API endpoints/devices",Usage-based: per minute/API event,Professional services; Distributed offices,2,2,cloud_or_platform,cloud_or_platform,unknown,ip,"[""cloud_or_platform""]","[""api"",""messaging""]",true,false,derived,tag_rule,Cloud platform (bearer unspecified),雲端平台（承載未指定）,"[""API management"",""Messaging""]","[""API 管理"",""訊息傳遞""]"
europe,nl,Bird Voice,Bird,cutting_edge,cutting_edge,,,ai_api,"cpaas, api, voice, messaging",Omnichannel customer communication platform including voice and messaging automation.,Omnichannel workflows; Automation focus; Global communications routes,Product packaging changes quickly; Requires implementation; Voice feature details need validation per region,Growth/support teams,https://bird.com/,Bird Bird Voice official cloud PBX VoIP API eSIM UCaaS,"100-100,000+ API endpoints/devices",Usage-based: per minute/API event,Contact center; Retail; Financial services,2,2,cloud_or_platform,cloud_or_platform,unknown,ip,"[""cloud_or_platform""]","[""api"",""messaging""]",true,false,derived,tag_rule,Cloud platform (bearer unspecified),雲端平台（承載未指定）,"[""API management"",""Messaging""]","[""API 管理"",""訊息傳遞""]"
europe,hr,Infobip Voice,Infobip,cutting_edge,cutting_edge,,,ai_api,"cpaas, api, voice, webrtc",Global CPaaS voice and video APIs for customer engagement.,Very broad country reach; Voice/video/messaging portfolio; Enterprise support,Complex pricing; Developer implementation required; Not a classic PBX,Global enterprise,https://www.infobip.com/docs/voice-and-video,Infobip Infobip Voice official cloud PBX VoIP API eSIM UCaaS,"100-100,000+ API endpoints/devices",Usage-based: per minute/API event,Professional services; Distributed offices,2,2,ethernet,ethernet,wired,ip,"[""ethernet""]","[""api""]",true,false,derived,tag_rule,Ethernet / IP (wired),乙太網路 / IP（有線）,"[""API management""]","[""API 管理""]"
americas,us,Asterisk,Sangoma / Open Source,mature_active,mature_active,,,ip_pbx,"ip_pbx, sip, open_source","Open-source communications framework widely used for PBX, IVR, gateways, and custom telephony.",Highly flexible; Huge installed base; No license fee for core,Requires telephony/Linux expertise; Security is self-managed; Commercial support separate,"Integrators, carriers, technical SMB",https://www.asterisk.org/,Sangoma / Open Source Asterisk official cloud PBX VoIP API eSIM UCaaS,"500-50,000 seats/devices",Low license cost; medium engineering/ops cost,SMB; Enterprise; Systems integrators,2,2,ethernet,ethernet,wired,ip,"[""ethernet""]","[""sip""]",false,false,derived,tag_rule,Ethernet / IP (wired),乙太網路 / IP（有線）,"[""SIP""]","[""SIP""]"
americas,us,FreePBX,Sangoma / Open Source,mature_active,mature_active,,,ip_pbx,"ip_pbx, sip, open_source, web_management",Open-source web-managed PBX distribution built around Asterisk.,Easier admin than raw Asterisk; Large module ecosystem; Good analog/SIP gateway fit,Patch discipline required; Module licensing mix; Needs telephony expertise for complex sites,"SMB, integrators",https://www.freepbx.org/,Sangoma / Open Source FreePBX official cloud PBX VoIP API eSIM UCaaS,5-500 seats,Low license cost; medium engineering/ops cost,SMB; Enterprise; Systems integrators,2,2,ethernet,ethernet,wired,ip,"[""ethernet""]","[""sip""]",false,false,derived,tag_rule,Ethernet / IP (wired),乙太網路 / IP（有線）,"[""SIP""]","[""SIP""]"
americas,us,FreeSWITCH,SignalWire / Open Source,mature_active,mature_active,,,ip_pbx,"ip_pbx, sip, webrtc, open_source",Open-source real-time communications platform and softswitch.,High scalability; WebRTC support; Carrier/contact-center use,Steep learning curve; Configuration complexity; Commercial support separate,"Carriers, platforms, contact centers",https://freeswitch.org/,SignalWire / Open Source FreeSWITCH official cloud PBX VoIP API eSIM UCaaS,"500-50,000 seats/devices",Low license cost; medium engineering/ops cost,Contact center; Retail; Financial services,2,2,ethernet,ethernet,wired,ip,"[""ethernet""]","[""sip""]",false,false,derived,tag_rule,Ethernet / IP (wired),乙太網路 / IP（有線）,"[""SIP""]","[""SIP""]"
americas,us,FusionPBX,FusionPBX,mature_active,mature_active,,,ip_pbx,"ip_pbx, sip, open_source, webrtc",Multi-tenant PBX web interface for FreeSWITCH.,Multi-tenant capable; Good provider fit; Open-source base,Requires FreeSWITCH skills; Operational burden; UI/admin discipline needed,"ITSPs, integrators",https://www.fusionpbx.com/,FusionPBX FusionPBX official cloud PBX VoIP API eSIM UCaaS,5-500 seats,Low license cost; medium engineering/ops cost,SMB; Enterprise; Systems integrators,2,2,ethernet,ethernet,wired,ip,"[""ethernet""]","[""sip""]",false,false,derived,tag_rule,Ethernet / IP (wired),乙太網路 / IP（有線）,"[""SIP""]","[""SIP""]"
europe,fr,Wazo Platform,Wazo,mature_active,mature_active,,,ip_pbx,"ip_pbx, api, open_source",Open-source programmable UC platform with API-first PBX components.,API-first open-source PBX; Good automation surface; European project roots,Smaller ecosystem than Asterisk; Engineering required; Commercial support planning needed,"Developers, integrators",https://wazo-platform.org/,Wazo Wazo Platform official cloud PBX VoIP API eSIM UCaaS,"100-100,000+ API endpoints/devices",Usage-based: per minute/API event,SMB; Enterprise; Systems integrators,2,2,ethernet,ethernet,wired,ip,"[""ethernet""]","[""api""]",true,false,derived,tag_rule,Ethernet / IP (wired),乙太網路 / IP（有線）,"[""API management""]","[""API 管理""]"
americas,us,VitalPBX,VitalPBX,mature_active,mature_active,,,ip_pbx,"ip_pbx, sip, linux",Software PBX distribution for Asterisk-based business telephony.,Modern admin interface; Asterisk compatibility; SMB-friendly features,Commercial modules needed for some features; Self-hosting operations; Smaller community than FreePBX,"SMB, integrators",https://vitalpbx.com/,VitalPBX VitalPBX official cloud PBX VoIP API eSIM UCaaS,5-500 seats,Medium: monthly per-seat subscription,SMB; Enterprise; Systems integrators,2,2,ethernet,ethernet,wired,ip,"[""ethernet""]","[""sip""]",false,false,derived,tag_rule,Ethernet / IP (wired),乙太網路 / IP（有線）,"[""SIP""]","[""SIP""]"
europe,es,Issabel PBX,Issabel,mature_active,mature_active,,,ip_pbx,"ip_pbx, sip, open_source",Open-source unified communications PBX distribution forked from Elastix lineage.,Familiar Elastix-style admin; Open-source stack; Latin market adoption,Project activity must be monitored; Security patching is self-managed; Less enterprise polish,"Latin America SMB, integrators",https://www.issabel.org/,Issabel Issabel PBX official cloud PBX VoIP API eSIM UCaaS,5-500 seats,Low license cost; medium engineering/ops cost,SMB; Enterprise; Systems integrators,2,2,ethernet,ethernet,wired,ip,"[""ethernet""]","[""sip""]",false,false,derived,tag_rule,Ethernet / IP (wired),乙太網路 / IP（有線）,"[""SIP""]","[""SIP""]"
americas,us,Twilio Super SIM / IoT SIM,Twilio,cutting_edge,cutting_edge,,,ai_api,"iot, esim, api, cellular",Programmable global IoT SIM/eSIM connectivity for devices needing cellular command paths.,API-managed SIM fleet; Multi-network roaming; Good for edge devices,Not a PBX product; Coverage and roaming policies matter; Device certification needed,IoT and edge-device fleets,https://www.twilio.com/docs/iot/supersim,Twilio Twilio Super SIM / IoT SIM official cloud PBX VoIP API eSIM UCaaS,"100-100,000+ API endpoints/devices",Low-Medium: per SIM/device subscription,IoT; Utilities; Logistics; Manufacturing,2,2,cellular_esim,cellular,wireless,ip,"[""cellular_esim""]","[""api""]",true,false,derived,tag_rule,Cellular / eSIM (wireless),蜂巢 / eSIM（無線）,"[""API management""]","[""API 管理""]"
europe,de,1NCE IoT eSIM,1NCE,cutting_edge,cutting_edge,,,ai_api,"iot, esim, api, cellular",IoT connectivity with eSIM/iSIM options and device fleet management.,Simple IoT pricing model; eSIM support; Global IoT focus,Data payloads only; Latency depends on roaming path; Not a voice PBX,"IoT fleets, sensors",https://www.1nce.com/en-us/1nce-connect/features/esim,1NCE 1NCE IoT eSIM official cloud PBX VoIP API eSIM UCaaS,"100-100,000+ API endpoints/devices",Low-Medium: per SIM/device subscription,IoT; Utilities; Logistics; Manufacturing,2,2,cellular_esim,cellular,wireless,ip,"[""cellular_esim""]","[""api""]",true,false,derived,tag_rule,Cellular / eSIM (wireless),蜂巢 / eSIM（無線）,"[""API management""]","[""API 管理""]"
europe,de,emnify IoT eSIM,emnify,cutting_edge,cutting_edge,,,ai_api,"iot, esim, api, cellular",Cloud-native IoT cellular connectivity and eSIM management platform.,API-first connectivity management; Multi-network reach; Strong portal/observability,Requires IoT device integration; Not for classic voice endpoints; Pricing varies by footprint,IoT product teams,https://www.emnify.com/iot-esim,emnify emnify IoT eSIM official cloud PBX VoIP API eSIM UCaaS,"100-100,000+ API endpoints/devices",Low-Medium: per SIM/device subscription,IoT; Utilities; Logistics; Manufacturing; Professional services; Distributed offices,2,2,cellular_esim,cellular,wireless,ip,"[""cellular_esim""]","[""api""]",true,false,derived,tag_rule,Cellular / eSIM (wireless),蜂巢 / eSIM（無線）,"[""API management""]","[""API 管理""]"
asia_pacific,jp,SORACOM Air for Cellular,SORACOM,cutting_edge,cutting_edge,,,ai_api,"iot, esim, api, cellular","IoT cellular connectivity with SIM/eSIM, APIs, and cloud integrations.",Strong IoT developer tooling; Cloud integrations; Global SIM options,IoT data focus; Voice/PBX integration is indirect; Coverage depends on plan,"IoT developers, manufacturers",https://soracom.io/services/air/cellular/,SORACOM SORACOM Air for Cellular official cloud PBX VoIP API eSIM UCaaS,"100-100,000+ API endpoints/devices",Low-Medium: per SIM/device subscription,IoT; Utilities; Logistics; Manufacturing; Professional services; Distributed offices,2,2,cellular_esim,cellular,wireless,ip,"[""cellular_esim""]","[""api""]",true,false,derived,tag_rule,Cellular / eSIM (wireless),蜂巢 / eSIM（無線）,"[""API management""]","[""API 管理""]"
americas,us,KORE OmniSIM,KORE Wireless,cutting_edge,cutting_edge,,,ai_api,"iot, esim, cellular, api",Global IoT connectivity SIM/eSIM portfolio for managed device fleets.,Enterprise IoT operations; Global carrier relationships; Managed connectivity options,Sales-led onboarding; Not PBX-specific; Device certification and logistics,Enterprise IoT,https://www.korewireless.com/connectivity/omnisim,KORE Wireless KORE OmniSIM official cloud PBX VoIP API eSIM UCaaS,"100-100,000+ API endpoints/devices",Low-Medium: per SIM/device subscription,IoT; Utilities; Logistics; Manufacturing; Professional services; Distributed offices,2,2,cellular_esim,cellular,wireless,ip,"[""cellular_esim""]","[""api""]",true,false,derived,tag_rule,Cellular / eSIM (wireless),蜂巢 / eSIM（無線）,"[""API management""]","[""API 管理""]"
europe,ch,Eseye AnyNet+ eSIM,Eseye,mature_active,cutting_edge,,,ip_pbx,"iot, esim, cellular",IoT connectivity platform with multi-IMSI/eSIM capabilities.,Resilient multi-network design; IoT operations focus; Global connectivity services,Commercial engagement needed; Not voice PBX; Complex deployments require planning,Enterprise IoT,https://www.eseye.com/solutions/iot-connectivity/,Eseye Eseye AnyNet+ eSIM official cloud PBX VoIP API eSIM UCaaS,"100-100,000+ API endpoints/devices",Low-Medium: per SIM/device subscription,IoT; Utilities; Logistics; Manufacturing; Professional services; Distributed offices,2,2,cellular_esim,cellular,wireless,ip,"[""cellular_esim""]",[],false,false,derived,tag_rule,Cellular / eSIM (wireless),蜂巢 / eSIM（無線）,[],[]
americas,us,Hologram Hyper SIM,Hologram,cutting_edge,cutting_edge,,,ai_api,"iot, esim, cellular, api",IoT cellular connectivity and SIM management for connected devices.,Developer-friendly IoT connectivity; Fleet dashboard/API; Useful prototyping path,Not a voice platform; Coverage and data pricing vary; Device firmware work required,"IoT startups, device fleets",https://www.hologram.io/,Hologram Hologram Hyper SIM official cloud PBX VoIP API eSIM UCaaS,"100-100,000+ API endpoints/devices",Low-Medium: per SIM/device subscription,IoT; Utilities; Logistics; Manufacturing,2,2,cellular_esim,cellular,wireless,ip,"[""cellular_esim""]","[""api""]",true,false,derived,tag_rule,Cellular / eSIM (wireless),蜂巢 / eSIM（無線）,"[""API management""]","[""API 管理""]"
americas,us,Ooma Office,Ooma,cutting_edge,cutting_edge,,,cloud,"cloud, ucaas, hosted",Cloud business phone system focused on small businesses and branch offices.,SMB-friendly setup; Good entry-level pricing; Hardware and cloud options,Less suited to very complex enterprises; International depth varies; Advanced integrations require plan review,"Small business, retail branches",https://www.ooma.com/small-business-phone-systems/,Ooma Ooma Office official cloud PBX VoIP API eSIM UCaaS,"10-2,000 seats",Medium: monthly per-seat subscription,Professional services; Distributed offices,2,2,cloud_or_platform,cloud_or_platform,unknown,ip,"[""cloud_or_platform""]",[],false,false,derived,tag_rule,Cloud platform (bearer unspecified),雲端平台（承載未指定）,[],[]
americas,us,Intermedia Unite,Intermedia,cutting_edge,cutting_edge,,,cloud,"cloud, ucaas, contact_center","Cloud communications suite with phone, video, chat, file sharing, and contact-center options.",Channel-friendly UCaaS; Integrated collaboration; Good SMB/mid-market fit,Feature bundles can be complex; Global reach below hyperscale UCaaS; Legacy analog needs gateways,"SMB, MSP channel, mid-market",https://www.intermedia.com/products/unite,Intermedia Intermedia Unite official cloud PBX VoIP API eSIM UCaaS,"25-5,000 agents",Medium-High: per seat plus add-ons,Contact center; Retail; Financial services; Professional services; Distributed offices,2,2,cloud_or_platform,cloud_or_platform,unknown,ip,"[""cloud_or_platform""]",[],false,false,derived,tag_rule,Cloud platform (bearer unspecified),雲端平台（承載未指定）,[],[]
americas,ca,Mitel MiCloud Connect / Business Voice,Mitel,cutting_edge,mature_active,,,cloud,"cloud, ucaas, ip_pbx",Mitel cloud and hybrid business communications portfolio.,Strong PBX heritage; Hybrid migration path; Enterprise telephony features,Portfolio transitions require validation; Licensing can be complex; Cloud availability varies,"Enterprise, hospitality, healthcare",https://www.mitel.com/products/cloud-business-phone-systems,Mitel Mitel MiCloud Connect / Business Voice official cloud PBX VoIP API eSIM UCaaS,"500-50,000 seats/devices",Medium: monthly per-seat subscription,Healthcare; Hospitality; Professional services; Distributed offices; SMB retrofit; Retail branches; Legacy facilities,2,2,ethernet,ethernet,wired,ip,"[""ethernet""]",[],false,false,derived,tag_rule,Ethernet / IP (wired),乙太網路 / IP（有線）,[],[]
europe,fr,Alcatel-Lucent Rainbow Office,Alcatel-Lucent Enterprise,cutting_edge,cutting_edge,,,cloud,"cloud, ucaas, enterprise",Cloud collaboration and communications platform from Alcatel-Lucent Enterprise.,Enterprise communications heritage; European channel; Hybrid customer base,Regional/channel dependency; Portfolio fit needs validation; APIs less broad than CPaaS,"Enterprise, government, education",https://www.al-enterprise.com/en/rainbow,Alcatel-Lucent Enterprise Alcatel-Lucent Rainbow Office official cloud PBX VoIP API eSIM UCaaS,"500-50,000 seats/devices",Medium-High: per seat plus add-ons,Government; Education; Professional services; Distributed offices,2,2,cloud_or_platform,cloud_or_platform,unknown,ip,"[""cloud_or_platform""]",[],false,false,derived,tag_rule,Cloud platform (bearer unspecified),雲端平台（承載未指定）,[],[]
europe,it,Wildix UCaaS,Wildix,cutting_edge,cutting_edge,,,cloud,"cloud, ucaas, webrtc",Browser-based UCaaS and collaboration platform with WebRTC emphasis.,WebRTC-native workflow; Channel-focused deployment; Good sales collaboration tools,Partner model dependency; Enterprise depth varies; Regional availability differs,"SMB, sales teams, channel customers",https://www.wildix.com/,Wildix Wildix UCaaS official cloud PBX VoIP API eSIM UCaaS,"10-2,000 seats",Medium: monthly per-seat subscription,Contact center; Retail; Financial services; Professional services; Distributed offices,2,2,ethernet,ethernet,wired,ip,"[""ethernet""]",[],false,false,derived,tag_rule,Ethernet / IP (wired),乙太網路 / IP（有線）,[],[]
asia_pacific,cn,Yeastar P-Series PBX,Yeastar,mature_active,mature_active,,,ip_pbx,"ip_pbx, cloud, hybrid, sip","Software, appliance, and cloud PBX family for SMB communications.",Flexible appliance/cloud choices; SMB-friendly admin; Good gateway ecosystem,Advanced enterprise features limited; Partner support quality varies; Cloud availability depends on region,"SMB, hospitality, retail",https://www.yeastar.com/p-series-pbx-system/,Yeastar Yeastar P-Series PBX official cloud PBX VoIP API eSIM UCaaS,"10-2,000 seats",Medium: monthly per-seat subscription,Healthcare; Hospitality; Professional services; Distributed offices; SMB retrofit; Retail branches; Legacy facilities,2,2,ethernet,ethernet,wired,ip,"[""ethernet""]","[""sip""]",false,false,derived,tag_rule,Ethernet / IP (wired),乙太網路 / IP（有線）,"[""SIP""]","[""SIP""]"
asia_pacific,cn,Grandstream UCM Series,Grandstream,mature_active,mature_active,,,ip_pbx,"ip_pbx, appliance, sip, fxs","IP PBX appliance line for SMB voice, video, and facility deployments.",Low-cost appliance model; Strong endpoint/gateway ecosystem; Good analog bridge options,Appliance lifecycle management; Less cloud-native; Security updates require discipline,"SMB, hotels, schools",https://www.grandstream.com/products/ucm-series-ip-pbxs,Grandstream Grandstream UCM Series official cloud PBX VoIP API eSIM UCaaS,5-500 seats,Medium: monthly per-seat subscription,Hospitality,2,2,hybrid,hybrid,hybrid,mixed,"[""analog_tdm"",""ethernet""]","[""sip""]",false,true,derived,tag_rule,Hybrid transport,混合承載,"[""SIP""]","[""SIP""]"
americas,us,Sangoma PBXact,Sangoma,mature_active,mature_active,,,ip_pbx,"ip_pbx, sip, appliance, open_source",Commercially supported PBX based on FreePBX/Asterisk ecosystem.,Commercial support path; Appliance/software flexibility; Strong analog/SIP gateway fit,Self-managed operations still matter; Module licensing; Cloud UX less modern than UCaaS,"SMB, integrators",https://www.sangoma.com/pbxact/,Sangoma Sangoma PBXact official cloud PBX VoIP API eSIM UCaaS,5-500 seats,Low license cost; medium engineering/ops cost,Contact center; Retail; Financial services,2,2,ethernet,ethernet,wired,ip,"[""ethernet""]","[""sip""]",false,false,derived,tag_rule,Ethernet / IP (wired),乙太網路 / IP（有線）,"[""SIP""]","[""SIP""]"
middle_east,il,AudioCodes Live Cloud,AudioCodes,cutting_edge,cutting_edge,,,cloud,"cloud, teams, sbc, sip",Managed Microsoft Teams voice/SBC service and migration portfolio.,Strong SBC and Teams voice expertise; Managed migration model; Enterprise voice controls,Best fit for Microsoft Teams; Requires voice design; Commercial engagement needed,"Enterprise, Teams voice migrations",https://www.audiocodes.com/solutions-products/solutions/microsoft-teams/audiocodes-live-for-microsoft-teams,AudioCodes AudioCodes Live Cloud official cloud PBX VoIP API eSIM UCaaS,"500-50,000 seats/devices",Medium: monthly per-seat subscription,Professional services; Distributed offices,2,2,ethernet,ethernet,wired,ip,"[""ethernet""]","[""sip""]",false,false,derived,tag_rule,Ethernet / IP (wired),乙太網路 / IP（有線）,"[""SIP""]","[""SIP""]"
europe,gb,Colt Cloud Communications,Colt,cutting_edge,cutting_edge,,,cloud,"cloud, ucaas, sip, telco",European business cloud communications and SIP services.,Strong enterprise network footprint; Voice plus connectivity; European coverage,Enterprise sales motion; Feature details vary by market; Less SMB self-service,European enterprise,https://www.colt.net/product/cloud-communications/,Colt Colt Cloud Communications official cloud PBX VoIP API eSIM UCaaS,"500-50,000 seats/devices",Medium: monthly per-seat subscription,Professional services; Distributed offices,2,2,ethernet,ethernet,wired,ip,"[""ethernet""]","[""sip""]",false,false,derived,tag_rule,Ethernet / IP (wired),乙太網路 / IP（有線）,"[""SIP""]","[""SIP""]"
europe,de,Placetel Cloud Telephone System,Placetel,cutting_edge,cutting_edge,,,cloud,"cloud, hosted, ucaas",German cloud telephony and business communications service.,Germany-focused compliance; Hosted PBX simplicity; Good SMB fit,Regional scope; International features vary; API depth limited vs CPaaS,German SMB,https://www.placetel.de/,Placetel Placetel Cloud Telephone System official cloud PBX VoIP API eSIM UCaaS,"10-2,000 seats",Medium: monthly per-seat subscription,Professional services; Distributed offices,2,2,cloud_or_platform,cloud_or_platform,unknown,ip,"[""cloud_or_platform""]",[],false,false,derived,tag_rule,Cloud platform (bearer unspecified),雲端平台（承載未指定）,[],[]
europe,pl,Daktela Contact Center,Daktela,cutting_edge,cutting_edge,,,cloud,"cloud, contact_center, voice",Cloud contact-center and business communications platform with Central/Eastern Europe footprint.,Omnichannel contact center; Regional support; Integrations and routing,Contact-center focus; Global PSTN scope varies; Implementation required,"Contact centers, retail, finance",https://daktela.com/,Daktela Daktela Contact Center official cloud PBX VoIP API eSIM UCaaS,"25-5,000 agents",Medium-High: per seat plus add-ons,Contact center; Retail; Financial services; Professional services; Distributed offices,2,2,cloud_or_platform,cloud_or_platform,unknown,ip,"[""cloud_or_platform""]",[],false,false,derived,tag_rule,Cloud platform (bearer unspecified),雲端平台（承載未指定）,[],[]
americas,br,Zenvia Voice,Zenvia,cutting_edge,cutting_edge,,,ai_api,"cpaas, api, voice, latam",Latin American customer communication platform with programmable voice capabilities.,LATAM market focus; Voice plus messaging; Customer journey tooling,Regional focus; Engineering/configuration required; Not a classic PBX,"LATAM enterprise, retail, finance",https://www.zenvia.com/en/platform/voice/,Zenvia Zenvia Voice official cloud PBX VoIP API eSIM UCaaS,"100-100,000+ API endpoints/devices",Usage-based: per minute/API event,Professional services; Distributed offices,2,2,cloud_or_platform,cloud_or_platform,unknown,ip,"[""cloud_or_platform""]","[""api""]",true,false,derived,tag_rule,Cloud platform (bearer unspecified),雲端平台（承載未指定）,"[""API management""]","[""API 管理""]"
americas,cl,Suma Móvil / VoIP enterprise,Suma Movil,cutting_edge,mature_active,,,cloud,"cloud, hosted, sip, telco",Chile-focused business communications and VoIP services.,Local support; Regional numbering; Hosted voice option,Public technical detail limited; Regional scope; Advanced APIs require validation,Chile SMB,https://www.sumamovil.com/,Suma Movil Suma Móvil / VoIP enterprise official cloud PBX VoIP API eSIM UCaaS,"10-2,000 seats",Medium: monthly per-seat subscription,Professional services; Distributed offices,2,2,ethernet,ethernet,wired,ip,"[""ethernet""]","[""sip""]",false,false,derived,tag_rule,Ethernet / IP (wired),乙太網路 / IP（有線）,"[""SIP""]","[""SIP""]"
africa,ma,inwi Business Voice,inwi,mature_active,mature_active,,,cloud,"telco, hosted, voice",Morocco telecom business voice and enterprise services portfolio.,Local operator footprint; Connectivity bundle; Regulatory fit,Cloud PBX details require sales validation; Limited public API detail; Regional scope,Morocco business,https://www.inwi.ma/entreprises,inwi inwi Business Voice official cloud PBX VoIP API eSIM UCaaS,"10-2,000 seats",Medium: monthly per-seat subscription,Professional services; Distributed offices,2,2,cloud_or_platform,cloud_or_platform,unknown,ip,"[""cloud_or_platform""]",[],false,false,derived,tag_rule,Cloud platform (bearer unspecified),雲端平台（承載未指定）,[],[]
africa,gh,MTN Business Voice Ghana,MTN Ghana,mature_active,mature_active,,,cloud,"telco, hosted, voice","Ghana business voice, mobile, and enterprise connectivity portfolio.",Local mobile network reach; Business support; Connectivity bundle,Cloud PBX detail varies; API details limited; Regional focus,Ghana business,https://mtn.com.gh/business/,MTN Ghana MTN Business Voice Ghana official cloud PBX VoIP API eSIM UCaaS,"10-2,000 seats",Medium: monthly per-seat subscription,Professional services; Distributed offices,2,2,cloud_or_platform,cloud_or_platform,unknown,ip,"[""cloud_or_platform""]",[],false,false,derived,tag_rule,Cloud platform (bearer unspecified),雲端平台（承載未指定）,[],[]
middle_east,qa,Ooredoo Business Voice,Ooredoo,mature_active,mature_active,,,cloud,"telco, hosted, voice",Qatar business voice and enterprise communications portfolio.,Local carrier footprint; Enterprise procurement; Connectivity and voice bundle,Public feature detail varies; Regional scope; Integration may be sales-led,Qatar enterprise,https://www.ooredoo.qa/web/en/business/,Ooredoo Ooredoo Business Voice official cloud PBX VoIP API eSIM UCaaS,"500-50,000 seats/devices",Medium: monthly per-seat subscription,Professional services; Distributed offices,2,2,cloud_or_platform,cloud_or_platform,unknown,ip,"[""cloud_or_platform""]",[],false,false,derived,tag_rule,Cloud platform (bearer unspecified),雲端平台（承載未指定）,[],[]
asia_pacific,vn,Viettel Cloud PBX / Business Voice,Viettel,cutting_edge,mature_active,,,cloud,"telco, hosted, cloud",Vietnam telecom business voice and cloud communications portfolio.,National carrier reach; Local numbering; Connectivity bundle,Product details vary by business unit; Regional scope; API depth requires validation,Vietnam business,https://vietteltelecom.vn/,Viettel Viettel Cloud PBX / Business Voice official cloud PBX VoIP API eSIM UCaaS,"10-2,000 seats",Medium: monthly per-seat subscription,Professional services; Distributed offices,2,2,cloud_or_platform,cloud_or_platform,unknown,ip,"[""cloud_or_platform""]",[],false,false,derived,tag_rule,Cloud platform (bearer unspecified),雲端平台（承載未指定）,[],[]
asia_pacific,hk,HKT Cloud Communications,HKT,cutting_edge,cutting_edge,,,cloud,"cloud, hosted, telco","Hong Kong enterprise communications, cloud voice, and connectivity portfolio.",Hong Kong enterprise footprint; Connectivity and voice bundle; Regional business support,Sales-led details; Regional scope; API availability varies,Hong Kong enterprise,https://www.hkt-enterprise.com/,HKT HKT Cloud Communications official cloud PBX VoIP API eSIM UCaaS,"500-50,000 seats/devices",Medium: monthly per-seat subscription,Professional services; Distributed offices,2,2,cloud_or_platform,cloud_or_platform,unknown,ip,"[""cloud_or_platform""]",[],false,false,derived,tag_rule,Cloud platform (bearer unspecified),雲端平台（承載未指定）,[],[]
asia_pacific,tw,遠傳企業雲端總機,Far EasTone,cutting_edge,cutting_edge,,,cloud,"cloud, hosted, telco",Taiwan enterprise cloud voice and hosted communications portfolio.,Taiwan carrier support; Connectivity bundle; Local service channel,Public API detail limited; Contract dependency; Cloud feature depth varies,Taiwan business,https://www.fetnet.net/enterprise/,Far EasTone 遠傳企業雲端總機 official cloud PBX VoIP API eSIM UCaaS,"10-2,000 seats",Medium: monthly per-seat subscription,Professional services; Distributed offices,2,2,cloud_or_platform,cloud_or_platform,unknown,ip,"[""cloud_or_platform""]",[],false,false,derived,tag_rule,Cloud platform (bearer unspecified),雲端平台（承載未指定）,[],[]
asia_pacific,tw,台灣大哥大企業語音服務,Taiwan Mobile,mature_active,mature_active,,,cloud,"hosted, telco, voice",Taiwan enterprise voice and telecom services portfolio.,Local carrier coverage; Enterprise account support; Connectivity bundle,Cloud PBX product detail varies; API details limited; Regional scope,Taiwan enterprise,https://www.taiwanmobile.com/enterprise/,Taiwan Mobile 台灣大哥大企業語音服務 official cloud PBX VoIP API eSIM UCaaS,"500-50,000 seats/devices",Medium: monthly per-seat subscription,Professional services; Distributed offices,2,2,cloud_or_platform,cloud_or_platform,unknown,ip,"[""cloud_or_platform""]",[],false,false,derived,tag_rule,Cloud platform (bearer unspecified),雲端平台（承載未指定）,[],[]
americas,us,Google Voice for Google Workspace,Google,cutting_edge,cutting_edge,,,cloud,"cloud, ucaas, workspace",Cloud phone system integrated with Google Workspace.,Simple Workspace integration; Google admin familiarity; Good small-team fit,Enterprise PBX depth limited; PSTN country coverage limited; Analog devices need gateways,Google Workspace customers,https://workspace.google.com/products/voice/,Google Google Voice for Google Workspace official cloud PBX VoIP API eSIM UCaaS,"10-2,000 seats",Medium: monthly per-seat subscription,Professional services; Distributed offices,2,2,cloud_or_platform,cloud_or_platform,unknown,ip,"[""cloud_or_platform""]",[],false,false,derived,tag_rule,Cloud platform (bearer unspecified),雲端平台（承載未指定）,[],[]
americas,us,Amazon Connect,AWS,cutting_edge,cutting_edge,,,cloud,"cloud, contact_center, api, ai","Cloud contact center with telephony, routing, analytics, and AWS AI integrations.",Highly programmable; AWS ecosystem; Scales elastically,Not a turnkey office PBX; Requires cloud engineering; Usage-cost governance needed,"Contact centers, digital platforms",https://aws.amazon.com/connect/,AWS Amazon Connect official cloud PBX VoIP API eSIM UCaaS,"100-100,000+ API endpoints/devices",Usage-based: per minute/API event,Contact center; Retail; Financial services; Professional services; Distributed offices,2,2,cloud_or_platform,cloud_or_platform,unknown,ip,"[""cloud_or_platform""]","[""api"",""relay""]",true,false,derived,tag_rule,Cloud platform (bearer unspecified),雲端平台（承載未指定）,"[""API management"",""Relay""]","[""API 管理"",""繼電器""]"
americas,us,Genesys Cloud CX Voice,Genesys,cutting_edge,cutting_edge,,,cloud,"cloud, contact_center, voice, ai","Cloud customer experience platform with voice, routing, workforce, and AI capabilities.",Enterprise CC depth; AI/customer journey tools; Global operations model,Complex implementation; Premium cost; Office PBX use is secondary,Enterprise contact centers,https://www.genesys.com/capabilities/voice,Genesys Genesys Cloud CX Voice official cloud PBX VoIP API eSIM UCaaS,"500-50,000 seats/devices",Medium-High: per seat plus add-ons,Contact center; Retail; Financial services; Professional services; Distributed offices,2,2,cloud_or_platform,cloud_or_platform,unknown,ip,"[""cloud_or_platform""]",[],false,false,derived,tag_rule,Cloud platform (bearer unspecified),雲端平台（承載未指定）,[],[]
americas,us,Five9 VoiceStream / Cloud Contact Center,Five9,cutting_edge,cutting_edge,,,cloud,"cloud, contact_center, api, ai",Cloud contact-center platform with programmable media/voice integrations.,Strong CCaaS features; AI and routing; Enterprise ecosystem,Not a branch PBX replacement; Implementation required; Premium contact-center pricing,Contact centers,https://www.five9.com/products/call-center-software,Five9 Five9 VoiceStream / Cloud Contact Center official cloud PBX VoIP API eSIM UCaaS,"100-100,000+ API endpoints/devices",Usage-based: per minute/API event,Contact center; Retail; Financial services; Professional services; Distributed offices,2,2,cloud_or_platform,cloud_or_platform,unknown,ip,"[""cloud_or_platform""]","[""api""]",true,false,derived,tag_rule,Cloud platform (bearer unspecified),雲端平台（承載未指定）,"[""API management""]","[""API 管理""]"
europe,de,Deutsche Telekom CompanyFlex,Deutsche Telekom,cutting_edge,cutting_edge,,,cloud,"cloud, sip, telco, hosted",German telco SIP trunk/cloud voice portfolio for business communications.,German carrier reliability; SIP and cloud voice migration; Connectivity bundle,Germany-focused; Telco procurement; API details limited,German enterprise and SMB,https://geschaeftskunden.telekom.de/internet-dsl/tarife/companyflex,Deutsche Telekom Deutsche Telekom CompanyFlex official cloud PBX VoIP API eSIM UCaaS,"500-50,000 seats/devices",Medium: monthly per-seat subscription,Professional services; Distributed offices,2,2,ethernet,ethernet,wired,ip,"[""ethernet""]","[""sip""]",false,false,derived,tag_rule,Ethernet / IP (wired),乙太網路 / IP（有線）,"[""SIP""]","[""SIP""]"
europe,gb,BT Cloud Voice,BT,cutting_edge,cutting_edge,,,cloud,"cloud, hosted, telco",UK cloud-based phone system from BT Business.,UK carrier footprint; Hosted PBX maturity; Connectivity bundle,UK-centric; Feature tiers vary; API depth limited,UK SMB and enterprise,https://business.bt.com/products/voice/cloud-voice/,BT BT Cloud Voice official cloud PBX VoIP API eSIM UCaaS,"500-50,000 seats/devices",Medium: monthly per-seat subscription,Professional services; Distributed offices,2,2,cloud_or_platform,cloud_or_platform,unknown,ip,"[""cloud_or_platform""]",[],false,false,derived,tag_rule,Cloud platform (bearer unspecified),雲端平台（承載未指定）,[],[]
europe,nl,KPN EEN / Cloud communications,KPN,cutting_edge,mature_active,,,cloud,"cloud, hosted, telco",Netherlands business voice and cloud communications portfolio.,Dutch carrier support; Connectivity bundle; Business service model,Product detail varies; Regional scope; API depth limited,Netherlands business,https://www.kpn.com/zakelijk.htm,KPN KPN EEN / Cloud communications official cloud PBX VoIP API eSIM UCaaS,"10-2,000 seats",Medium: monthly per-seat subscription,Professional services; Distributed offices,2,2,cloud_or_platform,cloud_or_platform,unknown,ip,"[""cloud_or_platform""]",[],false,false,derived,tag_rule,Cloud platform (bearer unspecified),雲端平台（承載未指定）,[],[]
europe,se,Telia Touchpoint Plus,Telia,cutting_edge,mature_active,,,cloud,"cloud, hosted, telco",Nordic mobile PBX and business telephony portfolio.,Nordic carrier footprint; Mobile PBX experience; Business support,Regional scope; Public technical detail varies; Integration depth depends on package,Nordic SMB and enterprise,https://www.telia.se/foretag,Telia Telia Touchpoint Plus official cloud PBX VoIP API eSIM UCaaS,"500-50,000 seats/devices",Medium: monthly per-seat subscription,Professional services; Distributed offices,2,2,cloud_or_platform,cloud_or_platform,unknown,ip,"[""cloud_or_platform""]",[],false,false,derived,tag_rule,Cloud platform (bearer unspecified),雲端平台（承載未指定）,[],[]
